product_id,product_name,total_sales,cumulative_sales,cumulative_sales_pct,product_rank,cumulative_product_pct
TEC-CO-10004722,Canon imageCLASS 2200 Advanced Copier,61599.82,61599.82,2.68,1,0.05
OFF-BI-10003527,Fellowes PB500 Electric Punch Plastic Comb Binding Machine with Manual Bind,27453.38,89053.2,3.88,2,0.11
TEC-MA-10002412,Cisco TelePresence System EX90 Videoconferencing Unit,22638.48,111691.68,4.86,3,0.16
FUR-CH-10002024,HON 5400 Series Task Chairs for Big and Tall,21870.58,133562.26,5.81,4,0.21
OFF-BI-10001359,GBC DocuBind TL300 Electric Binding System,19823.48,153385.74000000002,6.68,5,0.27
OFF-BI-10000545,GBC Ibimaster 500 Manual ProClick Binding System,19024.5,172410.24000000002,7.51,6,0.32
TEC-CO-10001449,Hewlett Packard LaserJet 3310 Copier,18839.69,191249.93000000002,8.33,7,0.38
TEC-MA-10001127,"HP Designjet T520 Inkjet Large Format Printer - 24"" Color",18374.9,209624.83000000002,9.13,8,0.43
OFF-BI-10004995,GBC DocuBind P400 Electric Binding System,17965.07,227589.90000000002,9.91,9,0.48
OFF-SU-10000151,High Speed Automatic Electric Letter Opener,17030.31,244620.21000000002,10.65,10,0.54
TEC-MA-10000822,Lexmark MX611dhe Monochrome Laser Printer,16829.9,261450.11000000002,11.38,11,0.59
OFF-SU-10002881,Martin Yale Chadless Opener Electric Letter Opener,16656.2,278106.31,12.11,12,0.64
OFF-BI-10001120,Ibico EPK-21 Electric Binding System,15875.92,293982.23,12.8,13,0.7
FUR-BO-10004834,"Riverside Palais Royal Lawyers Bookcase, Royale Cherry Finish",15610.97,309593.19999999995,13.48,14,0.75
TEC-MA-10001047,"3D Systems Cube Printer, 2nd Generation, Magenta",14299.89,323893.08999999997,14.1,15,0.81
TEC-PH-10001459,Samsung Galaxy Mega 6.3,13943.67,337836.75999999995,14.71,16,0.86
TEC-AC-10002049,Logitech G19 Programmable Gaming Keyboard,13756.54,351593.29999999993,15.31,17,0.91
TEC-PH-10002885,Apple iPhone 5,12996.6,364589.8999999999,15.87,18,0.97
FUR-TA-10003473,Bretford Rectangular Conference Table Tops,12995.29,377585.1899999999,16.44,19,1.02
FUR-CH-10001215,Global Troy Executive Leather Low-Back Tilter,12975.38,390560.5699999999,17.0,20,1.07
FUR-BO-10002213,DMI Eclipse Executive Suite Bookcases,12921.64,403482.2099999999,17.56,21,1.13
TEC-CO-10003763,Canon PC1060 Personal Laser Copier,11619.83,415102.0399999999,18.07,22,1.18
FUR-CH-10004287,SAFCO Arco Folding Chair,11572.78,426674.81999999995,18.57,23,1.24
OFF-AP-10002945,Honeywell Enviracaire Portable HEPA Air Cleaner for 17' x 22' Room,11304.44,437979.25999999995,19.07,24,1.29
TEC-AC-10003832,Imation 16GB Mini TravelDrive USB 2.0 Flash Drive,11203.76,449183.01999999996,19.55,25,1.34
TEC-MA-10000418,Cubify CubeX 3D Printer Double Head Print,11099.96,460282.98,20.04,26,1.4
OFF-ST-10000078,Tennsco 6- and 18-Compartment Lockers,10925.0,471207.98,20.51,27,1.45
TEC-AC-10003033,Plantronics CS510 - Over-the-Head monaural Wireless Headset System,10822.36,482030.33999999997,20.98,28,1.5
FUR-CH-10000454,"Hon Deluxe Fabric Upholstered Stacking Chairs, Rounded Back",10637.53,492667.87,21.45,29,1.56
FUR-TA-10000198,Chromcraft Bull-Nose Wood Oval Conference Tables & Bases,9917.64,502585.51,21.88,30,1.61
OFF-ST-10003716,Tennsco Double-Tier Lockers,9630.86,512216.37,22.3,31,1.66
FUR-TA-10001889,Bush Advantage Collection Racetrack Conference Table,9544.73,521761.1,22.71,32,1.72
TEC-MA-10000488,Bady BDG101FRU Card Printer,9279.88,531040.98,23.12,33,1.77
OFF-ST-10004459,Tennsco Single-Tier Lockers,9158.3,540199.28,23.52,34,1.83
FUR-CH-10003973,GuestStacker Chair with Chrome Finish Legs,9070.94,549270.22,23.91,35,1.88
TEC-CO-10001046,Canon Imageclass D680 Copier / Fax,8959.87,558230.09,24.3,36,1.93
TEC-CO-10002095,Hewlett Packard 610 Color Digital Copier / Printer,8899.82,567129.9099999999,24.69,37,1.99
TEC-PH-10001817,Wilson Electronics DB Pro Signal Booster,8878.4,576008.3099999999,25.07,38,2.04
FUR-CH-10001854,Office Star - Professional Matrix Back Chair with 2-to-1 Synchro Tilt and Mesh Fabric Seat,8774.5,584782.8099999999,25.46,39,2.09
FUR-CH-10004063,Global Deluxe High-Back Manager's Chair,8665.19,593447.9999999999,25.83,40,2.15
FUR-CH-10004086,Hon 4070 Series Pagoda Armless Upholstered Stacking Chairs,8431.0,601878.9999999999,26.2,41,2.2
FUR-TA-10001095,Chromcraft Round Conference Tables,8209.06,610088.0599999999,26.56,42,2.26
OFF-ST-10001490,"Hot File 7-Pocket, Floor Stand",8138.23,618226.2899999999,26.91,43,2.31
TEC-PH-10001530,Cisco Unified IP Phone 7945G VoIP phone,8111.14,626337.4299999999,27.27,44,2.36
OFF-BI-10003925,Fellowes PB300 Plastic Comb Binding Machine,8070.19,634407.6199999999,27.62,45,2.42
TEC-MA-10004125,Cubify CubeX 3D Printer Triple Head Print,7999.98,642407.5999999999,27.96,46,2.47
OFF-BI-10004600,Ibico Ibimaster 300 Manual Binding System,7985.38,650392.9799999999,28.31,47,2.52
FUR-CH-10003379,Global Commerce Series High-Back Swivel/Tilt Chairs,7979.44,658372.4199999998,28.66,48,2.58
TEC-MA-10000984,Okidata MB760 Printer,7834.4,666206.8199999998,29.0,49,2.63
OFF-ST-10003208,Adjustable Depth Letter/Legal Cart,7730.2,673937.0199999998,29.34,50,2.69
TEC-MA-10003979,Ativa V4110MDD Micro-Cut Shredder,7699.89,681636.9099999998,29.67,51,2.74
TEC-PH-10004165,Mitel MiVoice 5330e IP Phone,7699.72,689336.6299999998,30.01,52,2.79
FUR-CH-10002331,Hon 4700 Series Mobuis Mid-Back Task Chairs with Adjustable Arms,7582.37,696918.9999999998,30.34,53,2.85
FUR-BO-10002545,"Atlantic Metals Mobile 3-Shelf Bookcases, Custom Colors",7539.71,704458.7099999997,30.67,54,2.9
OFF-ST-10001780,Tennsco 16-Compartment Lockers with Coat Rack,7515.52,711974.2299999997,30.99,55,2.95
TEC-PH-10002200,Aastra 6757i CT Wireless VoIP phone,7437.89,719412.1199999998,31.32,56,3.01
FUR-TA-10003954,Hon 94000 Series Round Tables,7404.5,726816.6199999998,31.64,57,3.06
TEC-AC-10004145,Logitech diNovo Edge Keyboard,7399.7,734216.3199999997,31.96,58,3.11
FUR-TA-10000577,Bretford CR4500 Series Slim Rectangular Table,7242.77,741459.0899999997,32.28,59,3.17
TEC-PH-10000560,Samsung Galaxy S III - 16GB - pebble blue (T-Mobile),7139.8,748598.8899999998,32.59,60,3.22
TEC-MA-10000045,Zebra ZM400 Thermal Label Printer,6965.7,755564.5899999997,32.89,61,3.28
FUR-TA-10002958,"Bevis Oval Conference Table, Walnut",6942.07,762506.6599999997,33.19,62,3.33
FUR-CH-10002335,Hon GuestStacker Chair,6936.1,769442.7599999997,33.49,63,3.38
TEC-PH-10001795,ClearOne CHATAttach 160 - speaker phone,6935.86,776378.6199999996,33.8,64,3.44
OFF-AP-10002651,Hoover Upright Vacuum With Dirt Cup,6832.91,783211.5299999997,34.09,65,3.49
OFF-ST-10003470,"Tennsco Snap-Together Open Shelving Units, Starter Sets and Add-On Units",6819.31,790030.8399999997,34.39,66,3.54
OFF-BI-10003650,GBC DocuBind 300 Electric Binding Machine,6785.14,796815.9799999997,34.69,67,3.6
FUR-TA-10003569,Bretford CR8500 Series Meeting Room Furniture,6776.56,803592.5399999998,34.98,68,3.65
FUR-CH-10004997,Hon Every-Day Series Multi-Task Chairs,6748.48,810341.0199999998,35.28,69,3.71
OFF-ST-10001496,Standard Rollaway File with Lock,6594.95,816935.9699999997,35.56,70,3.76
FUR-CH-10000015,Hon Multipurpose Stacking Arm Chairs,6584.64,823520.6099999998,35.85,71,3.81
OFF-ST-10002615,"Dual Level, Single-Width Filing Carts",6574.54,830095.1499999998,36.14,72,3.87
FUR-TA-10001950,Balt Solid Wood Round Tables,6518.75,836613.8999999998,36.42,73,3.92
FUR-CH-10002320,Hon Pagoda Stacking Chairs,6483.8,843097.6999999998,36.7,74,3.97
FUR-CH-10004495,"Global Leather and Oak Executive Chair, Black",6410.87,849508.5699999998,36.98,75,4.03
TEC-CO-10004115,Sharp AL-1530CS Digital Copier,6399.87,855908.4399999998,37.26,76,4.08
TEC-PH-10000895,Polycom VVX 310 VoIP phone,6227.65,862136.0899999999,37.53,77,4.14
TEC-PH-10002584,Samsung Galaxy S4,6134.7,868270.7899999998,37.8,78,4.19
TEC-PH-10002624,Samsung Galaxy S4 Mini,6109.87,874380.6599999998,38.06,79,4.24
FUR-CH-10000309,Global Comet Stacking Arm Chair,6084.14,880464.7999999998,38.33,80,4.3
FUR-CH-10000785,Global Ergonomic Managers Chair,6008.54,886473.3399999999,38.59,81,4.35
TEC-CO-10002313,Canon PC1080F Personal Copier,5999.9,892473.2399999999,38.85,82,4.4
FUR-CH-10002965,"Global Leather Highback Executive Chair with Pneumatic Height Adjustment, Black",5989.2,898462.4399999998,39.11,83,4.46
FUR-TA-10004575,Hon 5100 Series Wood Tables,5965.09,904427.5299999998,39.37,84,4.51
OFF-AP-10000275,"Sanyo Counter Height Refrigerator with Crisper, 3.6 Cubic Foot, Stainless Steel/Black",5906.52,910334.0499999998,39.63,85,4.56
FUR-CH-10003746,Hon 4070 Series Pagoda Round Back Stacking Chairs,5906.03,916240.0799999998,39.89,86,4.62
FUR-CH-10001394,Global Leather Executive Chair,5861.53,922101.6099999999,40.14,87,4.67
FUR-TA-10004915,"Office Impressions End Table, 20-1/2""H x 24""W x 20""D",5801.82,927903.4299999998,40.39,88,4.73
TEC-MA-10004002,Zebra GX420t Direct Thermal/Thermal Transfer Printer,5787.36,933690.7899999998,40.64,89,4.78
OFF-ST-10001526,Iceberg Mobile Mega Data/Printer Cart ,5751.77,939442.5599999998,40.9,90,4.83
FUR-CH-10000595,Safco Contoured Stacking Chairs,5697.76,945140.3199999998,41.14,91,4.89
TEC-CO-10001766,Canon PC940 Copier,5669.87,950810.1899999998,41.39,92,4.94
FUR-TA-10004256,Bretford “Just In Time” Height-Adjustable Multi-Task Work Tables,5634.9,956445.0899999999,41.64,93,4.99
TEC-AC-10003870,Logitech Z-906 Speaker sys - home theater - 5.1-CH,5609.83,962054.9199999998,41.88,94,5.05
OFF-ST-10000142,Deluxe Rollaway Locking File with Drawer,5572.79,967627.7099999998,42.12,95,5.1
OFF-BI-10004632,GBC Binding covers,5535.59,973163.2999999998,42.36,96,5.16
FUR-BO-10001811,"Atlantic Metals Mobile 5-Shelf Bookcases, Custom Colors",5492.89,978656.1899999998,42.6,97,5.21
FUR-CH-10002880,"Global High-Back Leather Tilter, Burgundy",5436.16,984092.3499999999,42.84,98,5.26
FUR-CH-10002073,Hon Olson Stacker Chairs,5427.99,989520.3399999999,43.08,99,5.32
TEC-PH-10004586,Wilson SignalBoost 841262 DB PRO Amplifier Kit,5327.26,994847.5999999999,43.31,100,5.37
FUR-CH-10000988,Hon Olson Stacker Stools,5294.46,1000142.0599999998,43.54,101,5.42
TEC-PH-10004977,GE 30524EE4,5291.73,1005433.7899999998,43.77,102,5.48
FUR-CH-10003312,Hon 2090 “Pillow Soft” Series Mid Back Swivel/Tilt Chairs,5282.42,1010716.2099999998,44.0,103,5.53
FUR-CH-10004675,"Lifetime Advantage Folding Chairs, 4/Carton",5212.11,1015928.3199999998,44.22,104,5.59
TEC-MA-10001148,Okidata MB491 Multifunction Printer,5204.24,1021132.5599999998,44.45,105,5.64
FUR-BO-10002613,"Atlantic Metals Mobile 4-Shelf Bookcases, Custom Colors",5184.08,1026316.6399999998,44.68,106,5.69
TEC-AC-10001838,Razer Tiamat Over Ear 7.1 Surround Sound PC Gaming Headset,5119.74,1031436.3799999998,44.9,107,5.75
FUR-TA-10001932,"Chromcraft 48"" x 96"" Racetrack Double Pedestal Table",5098.18,1036534.5599999998,45.12,108,5.8
OFF-AP-10003849,Hoover Shoulder Vac Commercial Portable Vacuum,5009.48,1041544.0399999998,45.34,109,5.85
TEC-PH-10000984,Panasonic KX-TG9471B,4978.15,1046522.1899999998,45.56,110,5.91
FUR-TA-10001539,Chromcraft Rectangular Conference Tables,4952.67,1051474.8599999999,45.77,111,5.96
TEC-PH-10001363,Apple iPhone 5S,4901.91,1056376.7699999998,45.99,112,6.02
FUR-BO-10004695,O'Sullivan 2-Door Barrister Bookcase in Odessa Pine,4886.46,1061263.2299999997,46.2,113,6.07
TEC-CO-10004202,Brother DCP1000 Digital 3 in 1 Multifunction Machine,4859.84,1066123.0699999998,46.41,114,6.12
OFF-ST-10001932,Fellowes Staxonsteel Drawer Files,4829.25,1070952.3199999998,46.62,115,6.18
OFF-ST-10002011,Smead Adjustable Mobile File Trolley with Lockable Top,4778.77,1075731.0899999999,46.83,116,6.23
FUR-CH-10000513,High-Back Leather Manager's Chair,4770.63,1080501.7199999997,47.04,117,6.28
OFF-ST-10002743,SAFCO Boltless Steel Shelving,4704.7,1085206.4199999997,47.24,118,6.34
FUR-CH-10000847,Global Executive Mid-Back Manager's Chair,4626.58,1089832.9999999998,47.44,119,6.39
FUR-CH-10002602,DMI Arturo Collection Mission-style Design Wood Chair,4619.99,1094452.9899999998,47.64,120,6.44
TEC-PH-10001494,Polycom CX600 IP Phone VoIP phone,4619.23,1099072.2199999997,47.84,121,6.5
OFF-ST-10003306,Letter Size Cart,4600.09,1103672.3099999998,48.04,122,6.55
FUR-TA-10002903,"Bevis Round Bullnose 29"" High Table Top",4544.93,1108217.2399999998,48.24,123,6.61
OFF-ST-10001809,Fellowes Officeware Wire Shelving,4509.47,1112726.7099999997,48.44,124,6.66
OFF-ST-10000689,"Fellowes Strictly Business Drawer File, Letter/Legal Size",4479.03,1117205.7399999998,48.63,125,6.71
OFF-AP-10001058,Sanyo 2.5 Cubic Foot Mid-Size Office Refrigerators,4476.96,1121682.6999999997,48.83,126,6.77
FUR-TA-10004154,"Riverside Furniture Oval Coffee Table, Oval End Table, End Table with Drawer",4446.18,1126128.8799999997,49.02,127,6.82
TEC-PH-10003012,Nortel Meridian M3904 Professional Digital phone,4434.91,1130563.7899999996,49.21,128,6.87
FUR-CH-10003981,Global Commerce Series Low-Back Swivel/Tilt Chairs,4420.06,1134983.8499999996,49.41,129,6.93
TEC-CO-10001571,Sharp 1540cs Digital Laser Copier,4399.92,1139383.7699999996,49.6,130,6.98
OFF-ST-10002756,"Tennsco Stur-D-Stor Boltless Shelving, 5 Shelves, 24"" Deep, Sand",4384.04,1143767.8099999996,49.79,131,7.04
FUR-TA-10000617,"Hon Practical Foundations 30 x 60 Training Table, Light Gray/Charcoal",4334.83,1148102.6399999997,49.98,132,7.09
FUR-TA-10003748,Bevis 36 x 72 Conference Tables,4332.25,1152434.8899999997,50.17,133,7.14
OFF-BI-10003091,GBC DocuBind TL200 Manual Binding Machine,4322.81,1156757.6999999997,50.36,134,7.2
FUR-TA-10003238,"Chromcraft Bull-Nose Wood 48"" x 96"" Rectangular Conference Tables",4297.64,1161055.3399999996,50.54,135,7.25
TEC-MA-10000864,Cisco 9971 IP Video Phone Charcoal,4268.0,1165323.3399999996,50.73,136,7.3
TEC-PH-10004094,Motorola L703CM,4211.73,1169535.0699999996,50.91,137,7.36
OFF-BI-10004390,GBC DocuBind 200 Manual Binding Machine,4209.8,1173744.8699999996,51.09,138,7.41
TEC-CO-10000971,Hewlett Packard 310 Color Digital Copier,4199.86,1177944.7299999997,51.28,139,7.47
OFF-ST-10002574,"SAFCO Commercial Wire Shelving, Black",4199.46,1182144.1899999997,51.46,140,7.52
FUR-CH-10004983,Office Star - Mid Back Dual function Ergonomic High Back Chair with 2-Way Adjustable Arms,4185.48,1186329.6699999997,51.64,141,7.57
OFF-BI-10003656,Fellowes PB200 Plastic Comb Binding Machine,4181.75,1190511.4199999997,51.82,142,7.63
TEC-PH-10002496,Cisco SPA301,4180.53,1194691.9499999997,52.01,143,7.68
FUR-CH-10003774,"Global Wood Trimmed Manager's Task Chair, Khaki",4166.88,1198858.8299999996,52.19,144,7.73
TEC-CO-10001943,Canon PC-428 Personal Copier,4119.79,1202978.6199999996,52.37,145,7.79
TEC-PH-10004539,Wireless Extenders zBoost YX545 SOHO Signal Booster,4044.39,1207023.0099999995,52.54,146,7.84
OFF-ST-10000046,Fellowes Super Stor/Drawer Files,4006.44,1211029.4499999995,52.72,147,7.89
TEC-PH-10000730,Samsung Galaxy S4 Active,3999.92,1215029.3699999994,52.89,148,7.95
TEC-AC-10002842,WD My Passport Ultra 2TB Portable External Hard Drive,3998.4,1219027.7699999993,53.07,149,8.0
TEC-MA-10002927,Canon imageCLASS MF7460 Monochrome Digital Laser Multifunction Copier,3991.98,1223019.7499999993,53.24,150,8.06
FUR-CH-10001708,Office Star - Contemporary Swivel Chair with Padded Adjustable Arms and Flex Back,3989.73,1227009.4799999993,53.41,151,8.11
TEC-PH-10001578,Polycom SoundStation2 EX Conference phone,3968.51,1230977.9899999993,53.59,152,8.16
FUR-TA-10001768,Hon Racetrack Conference Tables,3963.9,1234941.8899999992,53.76,153,8.22
TEC-CO-10003236,Canon Image Class D660 Copier,3959.93,1238901.8199999991,53.93,154,8.27
FUR-CH-10000665,"Global Airflow Leather Mesh Back Chair, Black",3955.68,1242857.499999999,54.1,155,8.32
OFF-ST-10003816,Fellowes High-Stak Drawer Files,3946.66,1246804.159999999,54.27,156,8.38
FUR-FU-10000576,Luxo Professional Fluorescent Magnifier Lamp with Clamp-Mount Base,3861.06,1250665.219999999,54.44,157,8.43
OFF-AP-10003057,Honeywell Enviracaire Portable HEPA Air Cleaner for 16' x 20' Room,3855.18,1254520.399999999,54.61,158,8.49
TEC-PH-10002549,Polycom SoundPoint IP 450 VoIP phone,3839.62,1258360.019999999,54.78,159,8.54
TEC-PH-10002834,Google Nexus 5,3815.79,1262175.8099999991,54.94,160,8.59
FUR-TA-10004619,Hon Non-Folding Utility Tables,3775.65,1265951.459999999,55.11,161,8.65
TEC-AC-10002637,Logitech VX Revolution Cordless Laser Mouse for Notebooks (Black),3743.79,1269695.249999999,55.27,162,8.7
FUR-TA-10001307,"SAFCO PlanMaster Heigh-Adjustable Drafting Table Base, 43w x 30d x 30-37h, Black",3739.11,1273434.3599999992,55.43,163,8.75
TEC-PH-10003645,Aastra 57i VoIP phone,3684.71,1277119.0699999991,55.59,164,8.81
FUR-CH-10003298,"Office Star - Contemporary Task Swivel chair with Loop Arms, Charcoal",3680.54,1280799.6099999992,55.75,165,8.86
TEC-PH-10002415,Polycom VoiceStation 500 Conference phone,3657.38,1284456.989999999,55.91,166,8.92
FUR-CH-10002647,"Situations Contoured Folding Chairs, 4/Set",3641.27,1288098.259999999,56.07,167,8.97
FUR-BO-10004218,"Bush Heritage Pine Collection 5-Shelf Bookcase, Albany Pine Finish, *Special Order",3626.01,1291724.269999999,56.23,168,9.02
TEC-PH-10004447,Toshiba IPT2010-SD IP Telephone,3613.74,1295338.009999999,56.39,169,9.08
FUR-TA-10001771,"Bush Cubix Conference Tables, Fully Assembled",3603.29,1298941.299999999,56.54,170,9.13
TEC-PH-10001557,Pyle PMP37LED,3590.03,1302531.3299999991,56.7,171,9.18
FUR-TA-10003392,Global Adaptabilities Conference Tables,3540.35,1306071.6799999992,56.85,172,9.24
OFF-ST-10003805,"24 Capacity Maxi Data Binder Racks, Pearl",3537.24,1309608.9199999992,57.01,173,9.29
FUR-CH-10000155,Global Comet Stacking Armless Chair,3528.79,1313137.7099999993,57.16,174,9.34
OFF-AP-10000828,Avanti 4.4 Cu. Ft. Refrigerator,3511.01,1316648.7199999993,57.32,175,9.4
FUR-TA-10002645,Hon Rectangular Conference Tables,3481.51,1320130.2299999993,57.47,176,9.45
FUR-TA-10002530,"Iceberg OfficeWorks 42"" Round Tables",3457.44,1323587.6699999992,57.62,177,9.51
FUR-BO-10003404,"Global Adaptabilites Bookcase, Cherry/Storm Gray Finish",3447.84,1327035.5099999993,57.77,178,9.56
FUR-BO-10003272,O'Sullivan Living Dimensions 5-Shelf Bookcases,3420.77,1330456.2799999993,57.92,179,9.61
TEC-PH-10003505,Geemarc AmpliPOWER60,3415.04,1333871.3199999994,58.07,180,9.67
TEC-MA-10003673,Hewlett-Packard Desktjet 6988DT Refurbished Printer,3404.5,1337275.8199999994,58.21,181,9.72
FUR-TA-10001705,Bush Advantage Collection Round Conference Table,3401.6,1340677.4199999995,58.36,182,9.77
OFF-ST-10000025,Fellowes Stor/Drawer Steel Plus Storage Drawers,3397.31,1344074.7299999995,58.51,183,9.83
FUR-TA-10000688,"Chromcraft Bull-Nose Wood Round Conference Table Top, Wood Base",3354.89,1347429.6199999994,58.66,184,9.88
OFF-LA-10003930,"Dot Matrix Printer Tape Reel Labels, White, 5000/Box",3322.88,1350752.4999999993,58.8,185,9.94
FUR-BO-10004015,"Bush Andora Bookcase, Maple/Graphite Gray Finish",3317.72,1354070.2199999993,58.94,186,9.99
FUR-FU-10001468,Tenex Antistatic Computer Chair Mats,3317.01,1357387.2299999993,59.09,187,10.04
FUR-TA-10004534,Bevis 44 x 96 Conference Tables,3253.22,1360640.4499999993,59.23,188,10.1
OFF-BI-10004318,Ibico EB-19 Dual Function Manual Binding System,3234.91,1363875.3599999992,59.37,189,10.15
OFF-BI-10004584,GBC ProClick 150 Presentation Binding System,3223.0,1367098.3599999992,59.51,190,10.2
TEC-MA-10001972,Okidata C331dn Printer,3210.8,1370309.1599999992,59.65,191,10.26
OFF-ST-10001097,Office Impressions Heavy Duty Welded Shelving & Multimedia Storage Drawers,3178.13,1373487.289999999,59.79,192,10.31
TEC-PH-10002310,Panasonic KX T7731-B Digital phone,3168.61,1376655.8999999992,59.93,193,10.37
TEC-PH-10002103,Jabra SPEAK 410,3158.06,1379813.9599999993,60.07,194,10.42
FUR-CH-10004218,"Global Fabric Manager's Chair, Dark Gray",3150.58,1382964.5399999993,60.2,195,10.47
FUR-TA-10003715,Hon 2111 Invitation Series Corner Table,3140.55,1386105.0899999994,60.34,196,10.53
OFF-ST-10000585,Economy Rollaway Files,3138.8,1389243.8899999994,60.48,197,10.58
TEC-PH-10003691,BlackBerry Q10,3099.35,1392343.2399999995,60.61,198,10.63
TEC-PH-10003072,Panasonic KX-TG9541B DECT 6.0 Digital 2-Line Expandable Cordless Phone With Digital Answering System,3059.8,1395403.0399999996,60.74,199,10.69
OFF-AP-10003590,Hoover WindTunnel Plus Canister Vacuum,3051.3,1398454.3399999996,60.88,200,10.74
TEC-PH-10001336,Digium D40 VoIP phone,3044.16,1401498.4999999995,61.01,201,10.79
TEC-MA-10000010,Hewlett-Packard Deskjet 3050a All-in-One Color Inkjet Printer,3040.0,1404538.4999999995,61.14,202,10.85
OFF-AP-10002684,"Acco 7-Outlet Masterpiece Power Center, Wihtout Fax/Phone Line Protection",3039.5,1407577.9999999995,61.27,203,10.9
OFF-ST-10000991,Space Solutions HD Industrial Steel Shelving.,3035.21,1410613.2099999995,61.41,204,10.96
OFF-ST-10000736,Carina Double Wide Media Storage Towers in Natural & Black,3028.65,1413641.8599999994,61.54,205,11.01
OFF-SU-10000157,Compact Automatic Electric Letter Opener,2982.75,1416624.6099999994,61.67,206,11.06
FUR-TA-10001086,"SAFCO PlanMaster Boards, 60w x 37-1/2d, White Melamine",2979.0,1419603.6099999994,61.8,207,11.12
FUR-BO-10001337,O'Sullivan Living Dimensions 2-Shelf Bookcases,2970.06,1422573.6699999995,61.93,208,11.17
FUR-CH-10004853,"Global Manager's Adjustable Task Chair, Storm",2959.21,1425532.8799999994,62.06,209,11.22
OFF-BI-10004519,GBC DocuBind P100 Manual Binding Machine,2954.44,1428487.3199999994,62.18,210,11.28
FUR-BO-10000780,O'Sullivan Plantations 2-Door Library in Landvery Oak,2946.37,1431433.6899999995,62.31,211,11.33
OFF-AP-10002534,3.6 Cubic Foot Counter Height Office Refrigerator,2946.2,1434379.8899999994,62.44,212,11.39
FUR-CH-10000863,Novimex Swivel Fabric Task Chair,2913.91,1437293.7999999993,62.57,213,11.44
TEC-PH-10002922,ShoreTel ShorePhone IP 230 VoIP phone,2906.63,1440200.4299999992,62.69,214,11.49
FUR-BO-10004357,O'Sullivan Living Dimensions 3-Shelf Bookcases,2904.16,1443104.5899999992,62.82,215,11.55
OFF-AP-10002518,Kensington 7 Outlet MasterPiece Power Center,2883.28,1445987.8699999992,62.95,216,11.6
TEC-AC-10002001,Logitech Wireless Gaming Headset G930,2879.82,1448867.6899999992,63.07,217,11.65
TEC-PH-10001760,Bose SoundLink Bluetooth Speaker,2865.6,1451733.2899999993,63.2,218,11.71
FUR-FU-10003664,"Electrix Architect's Clamp-On Swing Arm Lamp, Black",2863.8,1454597.0899999994,63.32,219,11.76
FUR-TA-10003008,"Lesro Round Back Collection Coffee Table, End Table",2847.78,1457444.8699999994,63.44,220,11.82
OFF-SU-10000646,Premier Automatic Letter Opener,2836.37,1460281.2399999995,63.57,221,11.87
TEC-AC-10001908,Logitech Wireless Headset h800,2799.72,1463080.9599999995,63.69,222,11.92
OFF-PA-10000994,Xerox 1915,2789.01,1465869.9699999995,63.81,223,11.98
FUR-TA-10001039,KI Adjustable-Height Table,2764.26,1468634.2299999995,63.93,224,12.03
FUR-FU-10004306,Electrix Halogen Magnifier Lamp,2759.06,1471393.2899999996,64.05,225,12.08
TEC-AC-10004666,Maxell iVDR EX 500GB Cartridge,2755.4,1474148.6899999995,64.17,226,12.14
TEC-PH-10000441,VTech DS6151,2746.58,1476895.2699999996,64.29,227,12.19
TEC-PH-10002555,Nortel Meridian M5316 Digital phone,2744.87,1479640.1399999997,64.41,228,12.24
FUR-BO-10001972,O'Sullivan 4-Shelf Bookcase in Odessa Pine,2740.2,1482380.3399999996,64.53,229,12.3
OFF-ST-10001128,"Carina Mini System Audio Rack, Model AR050B",2730.11,1485110.4499999997,64.65,230,12.35
OFF-AP-10002118,"1.7 Cubic Foot Compact ""Cube"" Office Refrigerators",2706.08,1487816.5299999998,64.77,231,12.41
FUR-CH-10002084,Hon Mobius Operator's Chair,2705.78,1490522.3099999998,64.88,232,12.46
FUR-FU-10002937,"GE 48"" Fluorescent Tube, Cool White Energy Saver, 34 Watts, 30/Box",2699.06,1493221.3699999999,65.0,233,12.51
FUR-TA-10002041,"Bevis Round Conference Table Top, X-Base",2671.42,1495892.7899999998,65.12,234,12.57
TEC-AC-10002253,Imation Bio 8GB USB Flash Drive Imation Corp,2659.84,1498552.63,65.23,235,12.62
FUR-CH-10000422,Global Highback Leather Tilter in Burgundy,2647.81,1501200.44,65.35,236,12.67
TEC-PH-10004667,Cisco 8x8 Inc. 6753i IP Business Phone System,2645.8,1503846.24,65.46,237,12.73
OFF-SU-10003505,Premier Electric Letter Opener,2641.61,1506487.85,65.58,238,12.78
TEC-PH-10000526,Vtech CS6719,2630.13,1509117.98,65.69,239,12.84
TEC-AC-10003911,NETGEAR AC1750 Dual Band Gigabit Smart WiFi Router,2623.84,1511741.82,65.81,240,12.89
TEC-AC-10004171,Razer Kraken 7.1 Surround Sound Over Ear USB Gaming Headset,2619.74,1514361.56,65.92,241,12.94
OFF-ST-10000060,Fellowes Bankers Box Staxonsteel Drawer File/Stacking System,2612.2,1516973.76,66.04,242,13.0
TEC-PH-10001128,Motorola Droid Maxx,2609.83,1519583.59,66.15,243,13.05
FUR-CH-10002126,Hon Deluxe Fabric Upholstered Stacking Chairs,2586.19,1522169.78,66.26,244,13.1
OFF-ST-10004186,"Stur-D-Stor Shelving, Vertical 5-Shelf: 72""H x 36""W x 18 1/2""D",2552.54,1524722.32,66.37,245,13.16
FUR-TA-10002356,Bevis Boat-Shaped Conference Table,2542.47,1527264.79,66.48,246,13.21
TEC-MA-10002428,Fellowes Powershred HS-440 4-Sheet High Security Shredder,2541.84,1529806.6300000001,66.59,247,13.27
TEC-MA-10003353,Xerox WorkCentre 6505DN Laser Multifunction Printer,2519.96,1532326.59,66.7,248,13.32
OFF-ST-10004123,Safco Industrial Wire Shelving System,2511.05,1534837.6400000001,66.81,249,13.37
OFF-AP-10000891,Kensington 7 Outlet MasterPiece HOMEOFFICE Power Control Center,2491.28,1537328.9200000002,66.92,250,13.43
OFF-AP-10004487,Kensington 4 Outlet MasterPiece Compact Power Control Center,2488.39,1539817.31,67.03,251,13.48
FUR-BO-10002916,"Rush Hierlooms Collection 1"" Thick Stackable Bookcases",2487.76,1542305.07,67.14,252,13.53
OFF-ST-10001370,Sensible Storage WireTech Storage Systems,2484.3,1544789.37,67.25,253,13.59
TEC-PH-10001944,Wi-Ex zBoost YX540 Cellular Phone Signal Booster,2481.15,1547270.52,67.35,254,13.64
TEC-AC-10003198,Enermax Acrylux Wireless Keyboard,2450.16,1549720.68,67.46,255,13.69
FUR-CH-10001146,"Global Task Chair, Black",2442.02,1552162.7,67.57,256,13.75
TEC-MA-10000112,Panasonic KX MB2061 Multifunction Printer,2396.4,1554559.0999999999,67.67,257,13.8
FUR-CH-10004289,Global Super Steno Chair,2389.9,1556948.9999999998,67.78,258,13.86
FUR-CH-10001270,Harbour Creations Steel Folding Chair,2389.13,1559338.1299999997,67.88,259,13.91
TEC-AC-10000844,Logitech Gaming G510s - Keyboard,2362.72,1561700.8499999996,67.98,260,13.96
TEC-MA-10002073,"3D Systems Cube Printer, 2nd Generation, White",2339.98,1564040.8299999996,68.08,261,14.02
TEC-AC-10004571,Logitech G700s Rechargeable Gaming Mouse,2339.77,1566380.5999999996,68.19,262,14.07
TEC-MA-10004679,StarTech.com 10/100 VDSL2 Ethernet Extender Kit,2330.65,1568711.2499999995,68.29,263,14.12
OFF-ST-10004340,"Fellowes Mobile File Cart, Black",2300.66,1571011.9099999995,68.39,264,14.18
OFF-ST-10001522,"Gould Plastics 18-Pocket Panel Bin, 34w x 5-1/4d x 20-1/2h",2299.75,1573311.6599999995,68.49,265,14.23
FUR-TA-10001520,"Lesro Sheffield Collection Coffee Table, End Table, Center Table, Corner Table",2298.11,1575609.7699999996,68.59,266,14.29
FUR-TA-10002855,Bevis Round Conference Table Top & Single Column Base,2297.54,1577907.3099999996,68.69,267,14.34
TEC-PH-10002114,Xiaomi Mi3,2279.96,1580187.2699999996,68.79,268,14.39
FUR-FU-10001488,"Tenex 46"" x 60"" Computer Anti-Static Chairmat, Rectangular Shaped",2267.97,1582455.2399999995,68.89,269,14.45
OFF-BI-10001718,GBC DocuBind P50 Personal Binding Machine,2264.89,1584720.1299999994,68.98,270,14.5
TEC-PH-10003580,Cisco IP Phone 7961G-GE VoIP phone,2252.43,1586972.5599999994,69.08,271,14.55
TEC-AC-10003174,Plantronics S12 Corded Telephone Headset System,2242.03,1589214.5899999994,69.18,272,14.61
FUR-TA-10002533,BPI Conference Tables,2241.87,1591456.4599999995,69.28,273,14.66
TEC-PH-10000486,Plantronics HL10 Handset Lifter,2227.01,1593683.4699999995,69.38,274,14.72
TEC-PH-10002033,Konftel 250 Conference phone - Charcoal black,2221.6,1595905.0699999996,69.47,275,14.77
OFF-AP-10000938,Avanti 1.7 Cu. Ft. Refrigerator,2221.56,1598126.6299999997,69.57,276,14.82
FUR-CH-10000749,Office Star - Ergonomic Mid Back Chair with 2-Way Adjustable Arms,2207.96,1600334.5899999996,69.66,277,14.88
FUR-CH-10003817,"Global Value Steno Chair, Gray",2204.86,1602539.4499999997,69.76,278,14.93
FUR-CH-10001482,Office Star - Mesh Screen back chair with Vinyl seat,2200.46,1604739.9099999997,69.86,279,14.98
FUR-FU-10004665,"3M Polarizing Task Lamp with Clamp Arm, Light Gray",2191.68,1606931.5899999996,69.95,280,15.04
FUR-CH-10004477,"Global Push Button Manager's Chair, Indigo",2185.95,1609117.5399999996,70.05,281,15.09
OFF-PA-10001970,Xerox 1881,2167.35,1611284.8899999997,70.14,282,15.15
TEC-PH-10003811,Jabra Supreme Plus Driver Edition Headset,2159.82,1613444.7099999997,70.24,283,15.2
TEC-AC-10002402,Razer Kraken PRO Over Ear PC and Music Headset,2159.73,1615604.4399999997,70.33,284,15.25
TEC-AC-10003095,Logitech G35 7.1-Channel Surround Sound Headset,2157.83,1617762.2699999998,70.42,285,15.31
TEC-PH-10002680,Samsung Galaxy Note 3,2155.9,1619918.1699999997,70.52,286,15.36
FUR-BO-10000362,Sauder Inglewood Library Bookcases,2154.35,1622072.5199999998,70.61,287,15.41
OFF-PA-10000357,"White Dual Perf Computer Printout Paper, 2700 Sheets, 1 Part, Heavyweight, 20 lbs., 14 7/8 x 11",2141.63,1624214.1499999997,70.7,288,15.47
FUR-TA-10002607,KI Conference Tables,2140.88,1626355.0299999996,70.8,289,15.52
TEC-PH-10002275,Mitel 5320 IP Phone VoIP phone,2116.69,1628471.7199999995,70.89,290,15.57
TEC-AC-10000990,Imation Bio 2GB USB Flash Drive Imation Corp,2098.88,1630570.5999999994,70.98,291,15.63
FUR-TA-10002774,Laminate Occasional Tables,2096.17,1632666.7699999993,71.07,292,15.68
OFF-BI-10002026,Avery Arch Ring Binders,2068.82,1634735.5899999994,71.16,293,15.74
FUR-FU-10002298,"Rubbermaid ClusterMat Chairmats, Mat Size- 66"" x 60"", Lip 20"" x 11"" -90 Degree Angle",2064.23,1636799.8199999994,71.25,294,15.79
TEC-PH-10004345,Cisco SPA 502G IP Phone,2063.14,1638862.9599999993,71.34,295,15.84
FUR-FU-10003806,"Tenex Chairmat w/ Average Lip, 45"" x 53""",2058.5,1640921.4599999993,71.43,296,15.9
TEC-PH-10000369,HTC One Mini,2041.04,1642962.4999999993,71.52,297,15.95
FUR-TA-10004607,Hon 2111 Invitation Series Straight Table,2040.05,1645002.5499999993,71.61,298,16.0
FUR-TA-10002228,"Bevis Traditional Conference Table Top, Plinth Base",2033.5,1647036.0499999993,71.7,299,16.06
FUR-CH-10000229,Global Enterprise Series Seating High-Back Swivel/Tilt Chairs,2032.35,1649068.3999999994,71.79,300,16.11
TEC-PH-10000038,Jawbone MINI JAMBOX Wireless Bluetooth Speaker,2027.3,1651095.6999999995,71.87,301,16.17
TEC-PH-10001835,Jawbone JAMBOX Wireless Bluetooth Speaker,2022.27,1653117.9699999995,71.96,302,16.22
TEC-PH-10002824,Jabra SPEAK 410 Multidevice Speakerphone,2018.7,1655136.6699999995,72.05,303,16.27
TEC-PH-10003484,Ooma Telo VoIP Home Phone System,2015.84,1657152.5099999995,72.14,304,16.33
OFF-AP-10000576,"Belkin 325VA UPS Surge Protector, 6'",2010.85,1659163.3599999996,72.23,305,16.38
TEC-AC-10002567,Logitech G602 Wireless Gaming Mouse,1999.75,1661163.1099999996,72.31,306,16.43
TEC-PH-10002563,Adtran 1202752G1,1990.64,1663153.7499999995,72.4,307,16.49
TEC-PH-10003601,"Ativa D5772 2-Line 5.8GHz Digital Expandable Corded/Cordless Phone System with Answering & Caller ID/Call Waiting, Black/Silver",1979.88,1665133.6299999994,72.49,308,16.54
OFF-ST-10001511,Space Solutions Commercial Steel Shelving,1952.43,1667086.0599999994,72.57,309,16.6
FUR-CH-10004626,Office Star Flex Back Scooter Chair with Aluminum Finish Frame,1947.18,1669033.2399999993,72.66,310,16.65
OFF-AP-10001394,Harmony Air Purifier,1946.7,1670979.9399999992,72.74,311,16.7
TEC-PH-10000576,AT&T 1080 Corded phone,1945.26,1672925.1999999993,72.82,312,16.76
TEC-PH-10002447,AT&T CL83451 4-Handset Telephone,1936.31,1674861.5099999993,72.91,313,16.81
TEC-AC-10004659,Imation Secure+ Hardware Encrypted USB 2.0 Flash Drive; 16GB,1926.94,1676788.4499999993,72.99,314,16.86
TEC-PH-10001580,Logitech Mobile Speakerphone P710e - speaker phone,1916.72,1678705.1699999992,73.08,315,16.92
TEC-AC-10004975,Plantronics Audio 995 Wireless Stereo Headset,1913.13,1680618.299999999,73.16,316,16.97
FUR-BO-10003034,"O'Sullivan Elevations Bookcase, Cherry Finish",1912.31,1682530.6099999992,73.24,317,17.02
FUR-BO-10003159,"Sauder Camden County Collection Libraries, Planked Cherry Finish",1909.82,1684440.4299999992,73.33,318,17.08
TEC-PH-10001079,Polycom SoundPoint Pro SE-225 Corded phone,1903.84,1686344.2699999993,73.41,319,17.13
FUR-BO-10004467,Bestar Classic Bookcase,1897.81,1688242.0799999994,73.49,320,17.19
FUR-CH-10003833,Novimex Fabric Task Chair,1890.38,1690132.4599999993,73.57,321,17.24
TEC-AC-10000892,NETGEAR N750 Dual Band Wi-Fi Gigabit Router,1890.0,1692022.4599999993,73.66,322,17.29
OFF-PA-10004359,Multicolor Computer Printout Paper,1887.3,1693909.7599999993,73.74,323,17.35
TEC-PH-10002660,Nortel Networks T7316 E Nt8 B27,1876.52,1695786.2799999993,73.82,324,17.4
OFF-ST-10000036,"Recycled Data-Pak for Archival Bound Computer Printouts, 12-1/2 x 12-1/2 x 16",1857.25,1697643.5299999993,73.9,325,17.45
FUR-CH-10003199,Office Star - Contemporary Task Swivel Chair,1842.27,1699485.7999999993,73.98,326,17.51
FUR-FU-10004864,Eldon 500 Class Desk Accessories,1834.81,1701320.6099999994,74.06,327,17.56
FUR-CH-10004698,"Padded Folding Chairs, Black, 4/Carton",1830.15,1703150.7599999993,74.14,328,17.62
TEC-PH-10001619,LG G3,1803.11,1704953.8699999994,74.22,329,17.67
TEC-AC-10001606,Logitech Wireless Performance Mouse MX for PC and Mac,1799.82,1706753.6899999995,74.3,330,17.72
FUR-TA-10004086,KI Adjustable-Height Table,1788.38,1708542.0699999994,74.37,331,17.78
OFF-PA-10000418,Xerox 189,1782.45,1710324.5199999993,74.45,332,17.83
OFF-AP-10001205,Belkin 5 Outlet SurgeMaster Power Centers,1776.05,1712100.5699999994,74.53,333,17.88
FUR-CH-10001973,Office Star Flex Back Scooter Chair with White Frame,1775.68,1713876.2499999993,74.61,334,17.94
FUR-CH-10004886,Bevis Steel Folding Chairs,1775.08,1715651.3299999994,74.68,335,17.99
TEC-PH-10003963,GE 2-Jack Phone Line Splitter,1771.51,1717422.8399999994,74.76,336,18.05
FUR-CH-10003396,Global Deluxe Steno Chair,1770.54,1719193.3799999994,74.84,337,18.1
OFF-ST-10001963,Tennsco Regal Shelving Units,1764.53,1720957.9099999995,74.92,338,18.15
OFF-AP-10001005,Honeywell Quietcare HEPA Air Cleaner,1761.76,1722719.6699999995,74.99,339,18.21
FUR-CH-10000225,"Global Geo Office Task Chair, Gray",1757.27,1724476.9399999995,75.07,340,18.26
FUR-CH-10004860,Global Low Back Tilter Chair,1746.95,1726223.8899999994,75.14,341,18.31
OFF-PA-10003395,Xerox 1941,1740.51,1727964.3999999994,75.22,342,18.37
TEC-PH-10003273,AT&T TR1909W,1738.66,1729703.0599999994,75.3,343,18.42
TEC-PH-10001254,Jabra BIZ 2300 Duo QD Duo Corded Headset,1727.06,1731430.1199999994,75.37,344,18.47
TEC-AC-10001142,First Data FD10 PIN Pad,1722.2,1733152.3199999994,75.45,345,18.53
OFF-ST-10002292,"Sauder Facets Collection Locker/File Cabinet, Sky Alder Finish",1706.51,1734858.8299999994,75.52,346,18.58
FUR-TA-10004289,BoxOffice By Design Rectangular and Half-Moon Meeting Room Tables,1706.25,1736565.0799999994,75.59,347,18.64
TEC-AC-10001990,Kensington Orbit Wireless Mobile Trackball for PC and Mac,1703.72,1738268.7999999993,75.67,348,18.69
OFF-PA-10000100,Xerox 1945,1696.99,1739965.7899999993,75.74,349,18.74
TEC-AC-10000474,Kensington Expert Mouse Optical USB Trackball for PC or Mac,1690.82,1741656.6099999994,75.82,350,18.8
FUR-CH-10001714,"Global Leather & Oak Executive Chair, Burgundy",1689.97,1743346.5799999994,75.89,351,18.85
FUR-CH-10001545,Hon Comfortask Task/Swivel Chairs,1686.9,1745033.4799999993,75.96,352,18.9
FUR-FU-10000277,Deflect-o DuraMat Antistatic Studded Beveled Mat for Medium Pile Carpeting,1685.44,1746718.9199999992,76.04,353,18.96
TEC-PH-10004042,ClearOne Communications CHAT 70 OC Speaker Phone,1685.29,1748404.2099999993,76.11,354,19.01
TEC-PH-10001299,Polycom CX300 Desktop Phone USB VoIP phone,1679.89,1750084.0999999992,76.18,355,19.07
OFF-AP-10002457,"Eureka The Boss Plus 12-Amp Hard Box Upright Vacuum, Red",1674.4,1751758.499999999,76.26,356,19.12
TEC-PH-10004908,Panasonic KX TS3282W Corded phone,1665.8,1753424.299999999,76.33,357,19.17
FUR-BO-10003965,O'Sullivan Manor Hill 2-Door Library in Brianna Oak,1646.92,1755071.219999999,76.4,358,19.23
TEC-AC-10001432,Enermax Aurora Lite Keyboard,1641.15,1756712.369999999,76.47,359,19.28
OFF-ST-10002344,"Carina 42""Hx23 3/4""W Media Storage Unit",1635.8,1758348.169999999,76.54,360,19.33
TEC-PH-10002483,Motorola Moto X,1631.95,1759980.119999999,76.61,361,19.39
FUR-FU-10003601,"Deflect-o RollaMat Studded, Beveled Mat for Medium Pile Carpeting",1623.25,1761603.369999999,76.68,362,19.44
TEC-MA-10003356,Panasonic KX MC6040 Color Laser Multifunction Printer,1619.82,1763223.189999999,76.76,363,19.5
TEC-AC-10002800,Plantronics Audio 478 Stereo USB Headset,1619.68,1764842.869999999,76.83,364,19.55
OFF-AR-10000380,"Hunt PowerHouse Electric Pencil Sharpener, Blue",1617.95,1766460.819999999,76.9,365,19.6
TEC-AC-10000736,Logitech G600 MMO Gaming Mouse,1615.8,1768076.619999999,76.97,366,19.66
TEC-PH-10004614,AT&T 841000 Phone,1614.6,1769691.219999999,77.04,367,19.71
FUR-CH-10002439,"Iceberg Nesting Folding Chair, 19w x 6d x 43h",1589.41,1771280.629999999,77.11,368,19.76
TEC-PH-10004120,AT&T 1080 Phone,1589.08,1772869.709999999,77.18,369,19.82
TEC-PH-10001425,Mophie Juice Pack Helium for iPhone,1583.8,1774453.509999999,77.24,370,19.87
FUR-FU-10000308,Deflect-o Glass Clear Studded Chair Mats,1579.37,1776032.8799999992,77.31,371,19.92
TEC-AC-10004469,Microsoft Sculpt Comfort Mouse,1574.03,1777606.9099999992,77.38,372,19.98
OFF-BI-10001071,GBC ProClick Punch Binding System,1573.91,1779180.8199999991,77.45,373,20.03
FUR-BO-10001608,"Hon Metal Bookcases, Black",1570.08,1780750.8999999992,77.52,374,20.09
OFF-PA-10000675,Xerox 1919,1565.82,1782316.7199999993,77.59,375,20.14
OFF-EN-10000056,Cameo Buff Policy Envelopes,1555.75,1783872.4699999993,77.65,376,20.19
FUR-FU-10003192,Luxo Adjustable Task Clamp Lamp,1545.82,1785418.2899999993,77.72,377,20.25
TEC-PH-10004536,Avaya 5420 Digital phone,1538.89,1786957.1799999992,77.79,378,20.3
OFF-AP-10003217,Eureka Sanitaire  Commercial Upright,1524.53,1788481.7099999993,77.85,379,20.35
FUR-CH-10004875,Harbour Creations 67200 Series Stacking Chairs,1501.9,1789983.6099999992,77.92,380,20.41
TEC-PH-10002645,LG G2,1499.97,1791483.5799999991,77.99,381,20.46
TEC-AC-10002076,Microsoft Natural Keyboard Elite,1497.0,1792980.5799999991,78.05,382,20.52
TEC-AC-10000109,Sony Micro Vault Click 16 GB USB 2.0 Flash Drive,1489.33,1794469.9099999992,78.12,383,20.57
FUR-BO-10003546,Hon 4-Shelf Metal Bookcases,1474.31,1795944.2199999993,78.18,384,20.62
FUR-BO-10003441,"Bush Westfield Collection Bookcases, Fully Assembled",1473.3,1797417.5199999993,78.24,385,20.68
OFF-AP-10003779,Kensington 7 Outlet MasterPiece Power Center with Fax/Phone Line Protection,1473.11,1798890.6299999994,78.31,386,20.73
FUR-FU-10003394,"Tenex ""The Solids"" Textured Chair Mats",1469.16,1800359.7899999993,78.37,387,20.78
TEC-PH-10002468,"Plantronics CS 50-USB - headset - Convertible, Monaural",1468.69,1801828.4799999993,78.44,388,20.84
OFF-ST-10001272,"Mini 13-1/2 Capacity Data Binder Rack, Pearl",1465.74,1803294.2199999993,78.5,389,20.89
FUR-CH-10003061,"Global Leather Task Chair, Black",1448.84,1804743.0599999994,78.56,390,20.95
OFF-ST-10004337,"SAFCO Commercial Wire Shelving, 72h",1445.26,1806188.3199999994,78.63,391,21.0
TEC-PH-10004241,Nokia Lumia 1020,1439.97,1807628.2899999993,78.69,392,21.05
FUR-FU-10004848,DAX Solid Wood Frames,1438.13,1809066.4199999992,78.75,393,21.11
FUR-CH-10002961,"Leather Task Chair, Black",1437.48,1810503.8999999992,78.81,394,21.16
FUR-TA-10002622,"Bush Andora Conference Table, Maple/Graphite Gray Finish",1436.23,1811940.1299999992,78.88,395,21.21
OFF-PA-10001033,Xerox 1893,1434.65,1813374.779999999,78.94,396,21.27
FUR-FU-10000293,Eldon Antistatic Chair Mats for Low to Medium Pile Carpets,1431.94,1814806.719999999,79.0,397,21.32
FUR-BO-10003966,"Sauder Facets Collection Library, Sky Alder Finish",1427.68,1816234.399999999,79.06,398,21.37
FUR-BO-10004709,"Bush Westfield Collection Bookcases, Medium Cherry Finish",1426.89,1817661.2899999989,79.13,399,21.43
OFF-ST-10000563,Fellowes Bankers Box Stor/Drawer Steel Plus,1426.31,1819087.599999999,79.19,400,21.48
FUR-CH-10001891,Global Deluxe Office Fabric Chairs,1420.5,1820508.099999999,79.25,401,21.54
TEC-AC-10002926,Logitech Wireless Marathon Mouse M705,1409.72,1821917.819999999,79.31,402,21.59
TEC-AC-10003628,Logitech 910-002974 M325 Wireless Mouse for Web Scrolling,1409.53,1823327.349999999,79.37,403,21.64
OFF-ST-10004804,"Belkin 19"" Vented Equipment Shelf, Black",1400.26,1824727.609999999,79.43,404,21.7
TEC-AC-10000420,Logitech G500s Laser Gaming Mouse with Adjustable Weight Tuning,1399.8,1826127.409999999,79.49,405,21.75
FUR-CH-10003535,"Global Armless Task Chair, Royal Blue",1396.44,1827523.849999999,79.55,406,21.8
TEC-MA-10003626,Hewlett-Packard Deskjet 6540 Color Inkjet Printer,1396.21,1828920.059999999,79.62,407,21.86
TEC-PH-10002352,Avaya IP Phone 1140E VoIP phone,1394.95,1830315.0099999988,79.68,408,21.91
TEC-MA-10002178,Cisco CP-7937G Unified IP Conference Station Phone,1391.4,1831706.4099999988,79.74,409,21.97
TEC-PH-10004434,Cisco IP Phone 7961G VoIP phone - Dark gray,1386.69,1833093.0999999987,79.8,410,22.02
TEC-PH-10001750,Samsung Rugby III,1385.79,1834478.8899999987,79.86,411,22.07
OFF-AP-10002311,"Holmes Replacement Filter for HEPA Air Cleaner, Very Large Room, HEPA Filter",1383.08,1835861.9699999988,79.92,412,22.13
TEC-MA-10004212,Cisco SPA525G2 5-Line IP Phone,1379.92,1837241.8899999987,79.98,413,22.18
FUR-BO-10003893,Sauder Camden County Collection Library,1368.26,1838610.1499999987,80.04,414,22.23
OFF-ST-10003656,Safco Industrial Wire Shelving,1363.06,1839973.2099999988,80.1,415,22.29
TEC-MA-10003230,Okidata C610n Printer,1362.9,1841336.1099999987,80.16,416,22.34
OFF-EN-10003001,Ames Color-File Green Diamond Border X-ray Mailers,1360.48,1842696.5899999987,80.21,417,22.4
OFF-EN-10002230,Airmail Envelopes,1359.67,1844056.2599999986,80.27,418,22.45
TEC-MA-10003183,DYMO CardScan Personal V9 Business Card Scanner,1343.92,1845400.1799999985,80.33,419,22.5
FUR-CH-10003968,Novimex Turbo Task Chair,1341.52,1846741.6999999986,80.39,420,22.56
TEC-PH-10001061,Apple iPhone 5C,1339.87,1848081.5699999987,80.45,421,22.61
TEC-PH-10002890,AT&T 17929 Lendline Telephone,1339.1,1849420.6699999988,80.51,422,22.66
FUR-FU-10004188,Luxo Professional Combination Clamp-On Lamps,1329.9,1850750.5699999987,80.57,423,22.72
FUR-FU-10003708,"Tenex Traditional Chairmats for Medium Pile Carpet, Standard Lip, 36"" x 48""",1322.17,1852072.7399999986,80.62,424,22.77
OFF-PA-10001878,Xerox 1891,1320.57,1853393.3099999987,80.68,425,22.82
FUR-BO-10002598,"Hon Metal Bookcases, Putty",1320.23,1854713.5399999986,80.74,426,22.88
OFF-AP-10000179,Honeywell Enviracaire Portable HEPA Air Cleaner for up to 10 x 16 Room,1320.17,1856033.7099999986,80.8,427,22.93
FUR-CH-10002372,Office Star - Ergonomically Designed Knee Chair,1311.88,1857345.5899999985,80.85,428,22.99
TEC-PH-10004389,Nokia Lumia 925,1310.3,1858655.8899999985,80.91,429,23.04
FUR-FU-10003773,Eldon Cleatmat Plus Chair Mats for High Pile Carpets,1304.13,1859960.0199999984,80.97,430,23.09
FUR-TA-10004175,"Hon 30"" x 60"" Table with Locking Drawer",1296.03,1861256.0499999984,81.02,431,23.15
OFF-BI-10002867,GBC Recycled Regency Composition Covers,1291.25,1862547.2999999984,81.08,432,23.2
OFF-ST-10000129,Fellowes Recycled Storage Drawers,1287.95,1863835.2499999984,81.14,433,23.25
TEC-MA-10004241,Star Micronics TSP800 TSP847IIU Receipt Printer,1286.85,1865122.0999999985,81.19,434,23.31
TEC-PH-10001305,Panasonic KX TS208W Corded phone,1283.54,1866405.6399999985,81.25,435,23.36
OFF-ST-10002554,Tennsco Industrial Shelving,1281.44,1867687.0799999984,81.3,436,23.42
OFF-PA-10001289,White Computer Printout Paper by Universal,1279.08,1868966.1599999985,81.36,437,23.47
FUR-FU-10004071,Luxo Professional Magnifying Clamp-On Fluorescent Lamps,1268.92,1870235.0799999984,81.41,438,23.52
FUR-CH-10002758,"Hon Deluxe Fabric Upholstered Stacking Chairs, Squared Back",1268.7,1871503.7799999984,81.47,439,23.58
OFF-EN-10003296,Tyvek Side-Opening Peel & Seel Expanding Envelopes,1266.72,1872770.4999999984,81.52,440,23.63
FUR-FU-10004017,"Executive Impressions 13"" Chairman Wall Clock",1264.58,1874035.0799999984,81.58,441,23.68
FUR-BO-10001798,Bush Somerset Collection Bookcase,1263.96,1875299.0399999984,81.63,442,23.74
TEC-PH-10001809,Panasonic KX T7736-B Digital phone,1259.58,1876558.6199999985,81.69,443,23.79
TEC-AC-10001539,Logitech G430 Surround Sound Gaming Headset with Dolby 7.1 Technology,1247.84,1877806.4599999986,81.74,444,23.85
OFF-AP-10000026,Tripp Lite Isotel 6 Outlet Surge Protector with Fax/Modem Protection,1243.79,1879050.2499999986,81.8,445,23.9
FUR-CH-10003846,Hon Valutask Swivel Chairs,1242.05,1880292.2999999986,81.85,446,23.95
OFF-ST-10001837,"SAFCO Mobile Desk Side File, Wire Frame",1240.04,1881532.3399999987,81.91,447,24.01
OFF-LA-10003510,"Avery 4027 File Folder Labels for Dot Matrix Printers, 5000 Labels per Box, White",1233.41,1882765.7499999986,81.96,448,24.06
TEC-AC-10002473,Maxell 4.7GB DVD-R,1231.69,1883997.4399999985,82.01,449,24.11
FUR-TA-10004147,Hon 4060 Series Tables,1231.56,1885228.9999999986,82.07,450,24.17
TEC-PH-10003437,Blue Parrot B250XT Professional Grade Wireless Bluetooth Headset with,1229.84,1886458.8399999987,82.12,451,24.22
TEC-AC-10001314,Case Logic 2.4GHz Wireless Keyboard,1229.75,1887688.5899999987,82.17,452,24.27
OFF-PA-10003228,Xerox 1917,1222.75,1888911.3399999987,82.23,453,24.33
TEC-PH-10000673,Plantronics Voyager Pro HD - Bluetooth Headset,1221.81,1890133.1499999987,82.28,454,24.38
OFF-BI-10000632,Satellite Sectional Post Binders,1219.82,1891352.9699999988,82.33,455,24.44
OFF-BI-10001597,"Wilson Jones Ledger-Size, Piano-Hinge Binder, 2"", Blue",1217.11,1892570.079999999,82.39,456,24.49
TEC-MA-10002210,Epson TM-T88V Direct Thermal Printer - Monochrome - Desktop,1212.7,1893782.7799999989,82.44,457,24.54
OFF-AP-10001242,APC 7 Outlet Network SurgeArrest Surge Protector,1207.2,1894989.9799999988,82.49,458,24.6
FUR-FU-10002918,Eldon ClusterMat Chair Mat with Cordless Antistatic Protection,1200.94,1896190.9199999988,82.54,459,24.65
OFF-ST-10002974,"Trav-L-File Heavy-Duty Shuttle II, Black",1193.82,1897384.7399999988,82.6,460,24.7
OFF-ST-10001469,Fellowes Bankers Box Recycled Super Stor/Drawer,1187.56,1898572.2999999989,82.65,461,24.76
FUR-FU-10000965,"Howard Miller 11-1/2"" Diameter Ridgewood Wall Clock",1184.23,1899756.5299999989,82.7,462,24.81
TEC-AC-10001465,SanDisk Cruzer 64 GB USB Flash Drive,1184.03,1900940.559999999,82.75,463,24.87
OFF-BI-10003718,GBC Therma-A-Bind 250T Electric Binding System,1180.7,1902121.2599999988,82.8,464,24.92
OFF-AR-10002135,Boston Heavy-Duty Trimline Electric Pencil Sharpeners,1166.44,1903287.6999999988,82.85,465,24.97
TEC-PH-10000455,GE 30522EE2,1159.9,1904447.5999999987,82.9,466,25.03
TEC-AC-10001552,Logitech K350 2.4Ghz Wireless Keyboard,1154.66,1905602.2599999986,82.95,467,25.08
TEC-PH-10002789,LG Exalt,1154.33,1906756.5899999987,83.0,468,25.13
TEC-AC-10003610,Logitech Illuminated - Keyboard,1139.81,1907896.3999999987,83.05,469,25.19
TEC-PH-10001700,Panasonic KX-TG6844B Expandable Digital Cordless Telephone,1135.03,1909031.4299999988,83.1,470,25.24
OFF-ST-10000675,"File Shuttle II and Handi-File, Black",1125.15,1910156.5799999987,83.15,471,25.3
TEC-PH-10001051,HTC One,1119.89,1911276.4699999986,83.2,472,25.35
TEC-PH-10002170,ClearSounds CSC500 Amplified Spirit Phone Corded phone,1119.84,1912396.3099999987,83.25,473,25.4
FUR-BO-10001519,O'Sullivan 3-Shelf Heavy-Duty Bookcases,1119.19,1913515.4999999986,83.3,474,25.46
FUR-FU-10004091,"Eldon 200 Class Desk Accessories, Black",1117.43,1914632.9299999985,83.35,475,25.51
OFF-ST-10000532,Advantus Rolling Drawer Organizers,1115.92,1915748.8499999985,83.39,476,25.56
FUR-FU-10000723,"Deflect-o EconoMat Studded, No Bevel Mat for Low Pile Carpeting",1115.64,1916864.4899999984,83.44,477,25.62
FUR-FU-10001979,Dana Halogen Swing-Arm Architect Lamp,1114.38,1917978.8699999982,83.49,478,25.67
OFF-AR-10002671,"Hunt BOSTON Model 1606 High-Volume Electric Pencil Sharpener, Beige",1113.02,1919091.8899999983,83.54,479,25.73
TEC-PH-10002726,netTALK DUO VoIP Telephone Service,1112.79,1920204.6799999983,83.59,480,25.78
TEC-AC-10004353,Hypercom P1300 Pinpad,1108.8,1921313.4799999984,83.64,481,25.83
OFF-PA-10000474,Easy-staple paper,1105.73,1922419.2099999983,83.69,482,25.89
OFF-PA-10001125,Xerox 1988,1102.89,1923522.0999999982,83.73,483,25.94
OFF-BI-10000977,Ibico Plastic Spiral Binding Combs,1100.48,1924622.5799999982,83.78,484,25.99
OFF-BI-10004593,Ibico Laser Imprintable Binding System Covers,1100.4,1925722.9799999981,83.83,485,26.05
OFF-PA-10003302,Xerox 1906,1098.64,1926821.619999998,83.88,486,26.1
OFF-PA-10004071,"Eaton Premium Continuous-Feed Paper, 25% Cotton, Letter Size, White, 1000 Shts/Box",1098.5,1927920.119999998,83.92,487,26.15
OFF-PA-10000806,Xerox 1934,1097.21,1929017.329999998,83.97,488,26.21
OFF-BI-10004224,Catalog Binders with Expanding Posts,1089.94,1930107.269999998,84.02,489,26.26
FUR-TA-10004152,"Barricks 18"" x 48"" Non-Folding Utility Table with Bottom Storage Shelf",1088.64,1931195.9099999978,84.07,490,26.32
FUR-CH-10001190,Global Deluxe High-Back Office Chair in Storm,1087.92,1932283.8299999977,84.11,491,26.37
TEC-AC-10004568,Maxell LTO Ultrium - 800 GB,1086.01,1933369.8399999978,84.16,492,26.42
TEC-PH-10004922,RCA Visys Integrated PBX 8-Line Router,1085.24,1934455.0799999977,84.21,493,26.48
OFF-BI-10002735,GBC Prestige Therm-A-Bind Covers,1073.9,1935528.9799999977,84.26,494,26.53
OFF-AP-10001293,Belkin 8 Outlet Surge Protector,1073.68,1936602.6599999976,84.3,495,26.58
OFF-ST-10001418,Carina Media Storage Towers in Natural & Black,1073.25,1937675.9099999976,84.35,496,26.64
OFF-AR-10001953,Boston 1645 Deluxe Heavier-Duty Electric Pencil Sharpener,1073.11,1938749.0199999977,84.4,497,26.69
OFF-ST-10000877,Recycled Steel Personal File for Standard File Folders,1072.63,1939821.6499999976,84.44,498,26.75
FUR-BO-10004690,O'Sullivan Cherrywood Estates Traditional Barrister Bookcase,1072.34,1940893.9899999977,84.49,499,26.8
TEC-PH-10002398,AT&T 1070 Corded Phone,1070.3,1941964.2899999977,84.54,500,26.85
FUR-BO-10000330,"Sauder Camden County Barrister Bookcase, Planked Cherry Finish",1064.62,1943028.9099999978,84.58,501,26.91
OFF-ST-10003692,Recycled Steel Personal File for Hanging File Folders,1053.03,1944081.9399999978,84.63,502,26.96
OFF-ST-10003282,"Advantus 10-Drawer Portable Organizer, Chrome Metal Frame, Smoke Drawers",1051.78,1945133.7199999979,84.67,503,27.01
FUR-FU-10002253,"Howard Miller 13"" Diameter Pewter Finish Round Wall Clock",1047.74,1946181.4599999979,84.72,504,27.07
OFF-AP-10004540,"Eureka The Boss Lite 10-Amp Upright Vacuum, Blue",1042.08,1947223.539999998,84.77,505,27.12
TEC-PH-10004531,AT&T CL2909,1041.81,1948265.349999998,84.81,506,27.18
OFF-BI-10002082,GBC Twin Loop Wire Binding Elements,1041.66,1949307.009999998,84.86,507,27.23
FUR-TA-10003469,Balt Split Level Computer Training Table,1040.63,1950347.6399999978,84.9,508,27.28
TEC-AC-10000580,Logitech G13 Programmable Gameboard with LCD Display,1039.87,1951387.509999998,84.95,509,27.34
TEC-MA-10004552,Star Micronics TSP100 TSP143LAN Receipt Printer,1035.8,1952423.309999998,84.99,510,27.39
TEC-MA-10003176,Okidata B400 Printer,1029.6,1953452.909999998,85.04,511,27.44
OFF-AP-10001564,Hoover Commercial Lightweight Upright Vacuum with E-Z Empty Dirt Cup,1023.35,1954476.2599999981,85.08,512,27.5
OFF-PA-10000482,"Snap-A-Way Black Print Carbonless Ruled Speed Letter, Triplicate",1016.79,1955493.0499999982,85.13,513,27.55
FUR-BO-10001918,"Sauder Forest Hills Library with Doors, Woodland Oak Finish",1014.17,1956507.219999998,85.17,514,27.6
TEC-MA-10002937,"Canon Color ImageCLASS MF8580Cdw Wireless Laser All-In-One Printer, Copier, Scanner",1007.98,1957515.199999998,85.21,515,27.66
TEC-AC-10002942,WD My Passport Ultra 1TB Portable External Hard Drive,1007.4,1958522.599999998,85.26,516,27.71
FUR-TA-10000849,Bevis Rectangular Conference Tables,1007.26,1959529.859999998,85.3,517,27.77
OFF-PA-10002377,"Adams Telephone Message Book W/Dividers/Space For Phone Numbers, 5 1/4""X8 1/2"", 200/Messages",1004.65,1960534.509999998,85.34,518,27.82
FUR-FU-10004904,"Eldon ""L"" Workstation Diamond Chairmat",1002.94,1961537.4499999979,85.39,519,27.87
FUR-FU-10000747,Tenex B1-RE Series Chair Mats for Low Pile Carpets,1002.36,1962539.809999998,85.43,520,27.93
TEC-PH-10001918,Nortel Business Series Terminal T7208 Digital phone,1000.73,1963540.539999998,85.48,521,27.98
OFF-ST-10000604,Home/Office Personal File Carts,980.23,1964520.769999998,85.52,522,28.03
OFF-PA-10003641,Xerox 1909,970.78,1965491.549999998,85.56,523,28.09
FUR-CH-10003761,Global Italian Leather Office Chair,969.25,1966460.799999998,85.6,524,28.14
FUR-CH-10001802,Hon Every-Day Chair Series Swivel Task Chairs,967.84,1967428.639999998,85.64,525,28.2
OFF-PA-10001815,Xerox 1885,960.8,1968389.439999998,85.69,526,28.25
OFF-PA-10001497,Xerox 1914,956.3,1969345.7399999981,85.73,527,28.3
OFF-ST-10001713,"Gould Plastics 9-Pocket Panel Bin, 18-3/8w x 5-1/4d x 20-1/2h, Black",953.82,1970299.5599999982,85.77,528,28.36
OFF-AP-10001563,Belkin Premiere Surge Master II 8-outlet surge protector,952.17,1971251.7299999981,85.81,529,28.41
FUR-FU-10003553,"Howard Miller 13-1/2"" Diameter Rosebrook Wall Clock",949.03,1972200.7599999981,85.85,530,28.46
OFF-AP-10001271,Eureka The Boss Cordless Rechargeable Stick Vac,948.23,1973148.9899999981,85.89,531,28.52
OFF-EN-10001453,"Tyvek Interoffice Envelopes, 9 1/2"" x 12 1/2"", 100/Box",939.09,1974088.0799999982,85.93,532,28.57
OFF-AP-10003287,Tripp Lite TLP810NET Broadband Surge for Modem/Fax,937.85,1975025.9299999983,85.98,533,28.63
OFF-ST-10001476,Steel Personal Filing/Posting Tote,937.46,1975963.3899999983,86.02,534,28.68
FUR-BO-10001601,"Sauder Mission Library with Doors, Fruitwood Finish",935.2,1976898.5899999982,86.06,535,28.73
OFF-AP-10002578,"Fellowes Premier Superior Surge Suppressor, 10-Outlet, With Phone and Remote",929.48,1977828.0699999982,86.1,536,28.79
TEC-AC-10001767,SanDisk Ultra 64 GB MicroSDHC Class 10 Memory Card,927.77,1978755.8399999982,86.14,537,28.84
FUR-CH-10003956,Novimex High-Tech Fabric Mesh Task Chair,922.74,1979678.5799999982,86.18,538,28.89
FUR-TA-10004442,Riverside Furniture Stanwyck Manor Table Series,917.92,1980596.4999999981,86.22,539,28.95
TEC-MA-10002859,Ativa MDM8000 8-Sheet Micro-Cut Shredder,917.9,1981514.399999998,86.26,540,29.0
TEC-PH-10003885,Cisco SPA508G,910.66,1982425.059999998,86.3,541,29.05
TEC-PH-10000215,Plantronics Cordless Phone Headset with In-line Volume - M214C,908.7,1983333.759999998,86.34,542,29.11
TEC-PH-10002262,LG Electronics Tone+ HBS-730 Bluetooth Headset,904.55,1984238.309999998,86.38,543,29.16
FUR-CH-10002304,"Global Stack Chair without Arms, Black",901.51,1985139.819999998,86.42,544,29.22
OFF-BI-10001670,Vinyl Sectional Post Binders,901.03,1986040.849999998,86.45,545,29.27
TEC-AC-10000158,Sony 64GB Class 10 Micro SDHC R40 Memory Card,899.75,1986940.599999998,86.49,546,29.32
OFF-ST-10003442,Eldon Portable Mobile Manager,899.3,1987839.899999998,86.53,547,29.38
TEC-AC-10000358,Imation Secure Drive + Hardware Encrypted USB flash drive - 16 GB,888.97,1988728.869999998,86.57,548,29.43
TEC-AC-10002323,SanDisk Ultra 32 GB MicroSDHC Class 10 Memory Card,884.0,1989612.869999998,86.61,549,29.48
TEC-PH-10001433,Cisco Small Business SPA 502G VoIP phone,882.1,1990494.969999998,86.65,550,29.54
FUR-CH-10001797,"Safco Chair Connectors, 6/Carton",881.19,1991376.159999998,86.69,551,29.59
OFF-PA-10002254,Xerox 1883,881.09,1992257.2499999981,86.73,552,29.65
OFF-PA-10003039,Xerox 1960,879.83,1993137.0799999982,86.76,553,29.7
OFF-AR-10003373,"Boston School Pro Electric Pencil Sharpener, 1670",873.64,1994010.719999998,86.8,554,29.75
OFF-ST-10003479,"Eldon Base for stackable storage shelf, platinum",872.26,1994882.9799999981,86.84,555,29.81
OFF-AP-10004708,Fellowes Superior 10 Outlet Split Surge Protector,867.77,1995750.7499999981,86.88,556,29.86
FUR-FU-10001290,Executive Impressions Supervisor Wall Clock,867.26,1996618.0099999981,86.92,557,29.91
OFF-PA-10001144,Xerox 1913,865.49,1997483.4999999981,86.95,558,29.97
OFF-ST-10003123,Fellowes Bases and Tops For Staxonsteel/High-Stak Systems,858.88,1998342.379999998,86.99,559,30.02
FUR-BO-10004409,"Safco Value Mate Series Steel Bookcases, Baked Enamel Finish on Steel, Gray",858.86,1999201.2399999981,87.03,560,30.08
OFF-PA-10000062,Green Bar Computer Printout Paper,857.38,2000058.619999998,87.07,561,30.13
FUR-BO-10000711,"Hon Metal Bookcases, Gray",851.76,2000910.379999998,87.1,562,30.18
OFF-ST-10003994,"Belkin 19"" Center-Weighted Shelf, Gray",849.31,2001759.689999998,87.14,563,30.24
TEC-PH-10004093,Panasonic Kx-TS550,846.22,2002605.909999998,87.18,564,30.29
TEC-PH-10002115,Plantronics 81402,844.67,2003450.579999998,87.21,565,30.34
OFF-BI-10001543,GBC VeloBinder Manual Binding System,842.17,2004292.749999998,87.25,566,30.4
FUR-FU-10001473,DAX Wood Document Frame,839.68,2005132.4299999978,87.29,567,30.45
OFF-BI-10002133,"Wilson Jones Elliptical Ring 3 1/2"" Capacity Binders, 800 sheets",834.6,2005967.029999998,87.32,568,30.5
TEC-PH-10003555,Motorola HK250 Universal Bluetooth Headset,832.24,2006799.269999998,87.36,569,30.56
FUR-TA-10001857,Balt Solid Wood Rectangular Table,828.1,2007627.369999998,87.39,570,30.61
OFF-ST-10002790,Safco Industrial Shelving,827.12,2008454.4899999981,87.43,571,30.67
FUR-BO-10000112,"Bush Birmingham Collection Bookcase, Dark Cherry",825.17,2009279.659999998,87.47,572,30.72
OFF-AP-10002439,Tripp Lite Isotel 8 Ultra 8 Outlet Metal Surge,823.25,2010102.909999998,87.5,573,30.77
FUR-FU-10001185,"Advantus Employee of the Month Certificate Frame, 11 x 13-1/2",822.74,2010925.649999998,87.54,574,30.83
FUR-CH-10004540,Global Chrome Stack Chair,815.86,2011741.5099999981,87.57,575,30.88
OFF-AP-10001391,Kensington 6 Outlet MasterPiece HOMEOFFICE Power Control Center,812.16,2012553.669999998,87.61,576,30.93
TEC-PH-10002538,Grandstream GXP1160 VoIP phone,803.69,2013357.359999998,87.64,577,30.99
FUR-CH-10004754,"Global Stack Chair with Arms, Black",803.46,2014160.819999998,87.68,578,31.04
FUR-BO-10003894,"Safco Value Mate Steel Bookcase, Baked Enamel Finish on Steel, Black",802.07,2014962.889999998,87.71,579,31.1
TEC-AC-10001714,Logitech MX Performance Wireless Mouse,789.82,2015752.709999998,87.75,580,31.15
FUR-FU-10003930,Howard Miller 12-3/4 Diameter Accuwave DS  Wall Clock,786.9,2016539.609999998,87.78,581,31.2
OFF-EN-10003055,"Blue String-Tie & Button Interoffice Envelopes, 10 x 13",783.61,2017323.219999998,87.82,582,31.26
OFF-BI-10001524,GBC Premium Transparent Covers with Diagonal Lined Pattern,780.46,2018103.679999998,87.85,583,31.31
TEC-PH-10003931,JBL Micro Wireless Portable Bluetooth Speaker,779.87,2018883.5499999982,87.88,584,31.36
TEC-AC-10004510,Logitech Desktop MK120 Mouse and keyboard Combo,778.74,2019662.2899999982,87.92,585,31.42
FUR-FU-10003268,Eldon Radial Chair Mat for Low to Medium Pile Carpets,775.61,2020437.8999999983,87.95,586,31.47
TEC-AC-10001109,Logitech Trackman Marble Mouse,773.74,2021211.6399999983,87.99,587,31.53
OFF-AP-10000240,Belkin F9G930V10-GRY 9 Outlet Surge,770.11,2021981.7499999984,88.02,588,31.58
OFF-PA-10000157,Xerox 191,767.23,2022748.9799999984,88.05,589,31.63
FUR-CH-10002774,"Global Deluxe Stacking Chair, Gray",764.7,2023513.6799999983,88.09,590,31.69
FUR-FU-10002116,"Tenex Carpeted, Granite-Look or Clear Contemporary Contour Shape Chair Mats",763.67,2024277.3499999982,88.12,591,31.74
TEC-AC-10003023,Logitech G105 Gaming Keyboard,759.94,2025037.2899999982,88.15,592,31.79
OFF-AP-10001469,Fellowes 8 Outlet Superior Workstation Surge Protector,759.12,2025796.4099999983,88.19,593,31.85
OFF-PA-10002581,Xerox 1951,755.91,2026552.3199999982,88.22,594,31.9
FUR-BO-10002268,Sauder Barrister Bookcases,754.73,2027307.0499999982,88.25,595,31.95
OFF-BI-10001989,Premium Transparent Presentation Covers by GBC,753.18,2028060.2299999981,88.28,596,32.01
TEC-PH-10002085,Clarity 53712,752.29,2028812.5199999982,88.32,597,32.06
FUR-BO-10002824,Bush Mission Pointe Library,748.86,2029561.3799999983,88.35,598,32.12
TEC-PH-10001819,Innergie mMini Combo Duo USB Travel Charging Kit,746.83,2030308.2099999983,88.38,599,32.17
TEC-PH-10003171,Plantronics Encore H101 Dual Earpieces Headset,746.17,2031054.3799999983,88.41,600,32.22
OFF-PA-10003892,Xerox 1943,743.43,2031797.8099999982,88.45,601,32.28
TEC-PH-10002923,"Logitech B530 USB Headset - headset - Full size, Binaural",739.8,2032537.6099999982,88.48,602,32.33
OFF-AP-10002191,Belkin 8 Outlet SurgeMaster II Gold Surge Protector,737.75,2033275.3599999982,88.51,603,32.38
FUR-BO-10003660,"Bush Cubix Collection Bookcases, Fully Assembled",729.23,2034004.5899999982,88.54,604,32.44
TEC-PH-10003174,RCA ViSYS 25825 Wireless digital phone,727.94,2034732.5299999982,88.57,605,32.49
FUR-BO-10000468,O'Sullivan 2-Shelf Heavy-Duty Bookcases,723.84,2035456.3699999982,88.61,606,32.55
TEC-MA-10001681,Lexmark MarkNet N8150 Wireless Print Server,723.51,2036179.8799999983,88.64,607,32.6
OFF-PA-10001954,Xerox 1964,721.74,2036901.6199999982,88.67,608,32.65
TEC-AC-10001772,Memorex Mini Travel Drive 16 GB USB 2.0 Flash Drive,718.65,2037620.2699999982,88.7,609,32.71
TEC-PH-10001198,Avaya 4621SW VoIP phone,709.92,2038330.189999998,88.73,610,32.76
OFF-ST-10003058,Eldon Mobile Mega Data Cart  Mega Stackable  Add-On Trays,709.5,2039039.689999998,88.76,611,32.81
TEC-AC-10000865,WD My Passport Ultra 500GB Portable External Hard Drive,708.0,2039747.689999998,88.79,612,32.87
FUR-CH-10003606,SAFCO Folding Chair Trolley,705.32,2040453.0099999981,88.82,613,32.92
OFF-AR-10004022,Panasonic KP-380BK Classic Electric Pencil Sharpener,705.21,2041158.219999998,88.85,614,32.98
OFF-BI-10003984,Lock-Up Easel 'Spel-Binder',704.69,2041862.909999998,88.88,615,33.03
TEC-MA-10001695,Zebra GK420t Direct Thermal/Thermal Transfer Printer,703.71,2042566.619999998,88.92,616,33.08
FUR-FU-10004845,"Deflect-o EconoMat Nonstudded, No Bevel Mat",702.44,2043269.059999998,88.95,617,33.14
TEC-PH-10001924,iHome FM Clock Radio with Lightning Dock,699.9,2043968.9599999979,88.98,618,33.19
OFF-BI-10003007,"Premium Transparent Presentation Covers, No Pattern/Clear, 8 1/2"" x 11""",698.04,2044666.999999998,89.01,619,33.24
FUR-CH-10002044,"Office Star - Contemporary Task Swivel chair with 2-way adjustable arms, Plum",694.19,2045361.1899999978,89.04,620,33.3
OFF-AP-10003842,Euro-Pro Shark Turbo Vacuum,693.95,2046055.1399999978,89.07,621,33.35
TEC-PH-10002564,OtterBox Defender Series Case - Samsung Galaxy S4,689.77,2046744.9099999978,89.1,622,33.4
TEC-PH-10000562,Samsung Convoy 3,688.14,2047433.0499999977,89.13,623,33.46
FUR-CH-10000553,"Metal Folding Chairs, Beige, 4/Carton",685.59,2048118.6399999978,89.16,624,33.51
OFF-PA-10003129,Tops White Computer Printout Paper,684.74,2048803.3799999978,89.19,625,33.57
OFF-ST-10002276,Safco Steel Mobile File Cart,683.55,2049486.9299999978,89.22,626,33.62
FUR-FU-10001215,"Howard Miller 11-1/2"" Diameter Brentwood Wall Clock",681.45,2050168.3799999978,89.25,627,33.67
FUR-FU-10004973,Flat Face Poster Frame,678.24,2050846.6199999978,89.28,628,33.73
OFF-AP-10002734,Holmes Harmony HEPA Air Purifier for 17 x 20 Room,675.12,2051521.739999998,89.31,629,33.78
FUR-FU-10004006,"Deflect-o DuraMat Lighweight, Studded, Beveled Mat for Low Pile Carpeting",673.87,2052195.609999998,89.33,630,33.83
OFF-AR-10004010,Hunt Boston Vacuum Mount KS Pencil Sharpener,671.81,2052867.419999998,89.36,631,33.89
OFF-BI-10004492,Tuf-Vin Binders,669.5,2053536.919999998,89.39,632,33.94
OFF-BI-10003364,Binding Machine Supplies,667.99,2054204.909999998,89.42,633,34.0
OFF-AP-10003040,Fellowes 8 Outlet Superior Workstation Surge Protector w/o Phone/Fax/Modem Protection,665.68,2054870.589999998,89.45,634,34.05
OFF-AP-10002867,Fellowes Command Center 5-outlet power strip,664.83,2055535.419999998,89.48,635,34.1
OFF-BI-10004330,"GBC Velobind Prepunched Cover Sets, Regency Series",661.94,2056197.359999998,89.51,636,34.16
OFF-BI-10000666,Surelock Post Binders,653.98,2056851.339999998,89.54,637,34.21
FUR-TA-10001676,Hon 61000 Series Interactive Training Tables,653.12,2057504.459999998,89.57,638,34.26
OFF-ST-10004950,Acco Perma 3000 Stacking Storage Drawers,652.62,2058157.0799999982,89.59,639,34.32
OFF-PA-10001357,Xerox 1886,651.44,2058808.5199999982,89.62,640,34.37
FUR-BO-10003450,"Bush Westfield Collection Bookcases, Dark Cherry Finish",649.38,2059457.899999998,89.65,641,34.43
TEC-MA-10001856,Okidata C610n Printer,649.0,2060106.899999998,89.68,642,34.48
OFF-AP-10001124,Belkin 8 Outlet SurgeMaster II Gold Surge Protector with Phone Protection,647.84,2060754.7399999981,89.71,643,34.53
OFF-LA-10002762,Avery 485,639.03,2061393.7699999982,89.74,644,34.59
FUR-TA-10004767,Safco Drafting Table,638.82,2062032.5899999982,89.76,645,34.64
FUR-FU-10001876,"Computer Room Manger, 14""",636.61,2062669.1999999983,89.79,646,34.69
OFF-EN-10001434,"Strathmore #10 Envelopes, Ultimate White",632.52,2063301.7199999983,89.82,647,34.75
TEC-AC-10003590,"TRENDnet 56K USB 2.0 Phone, Internet and Fax Modem",626.54,2063928.2599999984,89.85,648,34.8
TEC-PH-10004080,Avaya 5410 Digital phone,625.51,2064553.7699999984,89.87,649,34.85
OFF-PA-10001736,Xerox 1880,623.74,2065177.5099999984,89.9,650,34.91
TEC-AC-10002550,Maxell 4.7GB DVD-RW 3/Pack,619.42,2065796.9299999983,89.93,651,34.96
OFF-AR-10001044,"BOSTON Ranger #55 Pencil Sharpener, Black",618.56,2066415.4899999984,89.95,652,35.02
TEC-PH-10001527,Plantronics MX500i Earset,618.48,2067033.9699999983,89.98,653,35.07
OFF-PA-10004039,Xerox 1882,615.78,2067649.7499999984,90.01,654,35.12
OFF-PA-10004475,Xerox 1940,615.55,2068265.2999999984,90.03,655,35.18
OFF-ST-10000943,Eldon ProFile File 'N Store Portable File Tub Letter/Legal Size Black,614.06,2068879.3599999985,90.06,656,35.23
OFF-ST-10000777,"Companion Letter/Legal File, Black",611.71,2069491.0699999984,90.09,657,35.28
OFF-BI-10002854,"Performers Binder/Pad Holder, Black",611.05,2070102.1199999985,90.11,658,35.34
OFF-EN-10002831,"Tyvek  Top-Opening Peel & Seel  Envelopes, Gray",610.98,2070713.0999999985,90.14,659,35.39
TEC-PH-10003092,Motorola L804,607.07,2071320.1699999985,90.17,660,35.45
TEC-PH-10002597,Xblue XB-1670-86 X16 Small Office Telephone - Titanium,604.75,2071924.9199999985,90.19,661,35.5
OFF-PA-10004327,Xerox 1911,603.54,2072528.4599999986,90.22,662,35.55
FUR-CH-10002780,Office Star - Task Chair with Contemporary Loop Arms,600.47,2073128.9299999985,90.25,663,35.61
TEC-MA-10004626,Lexmark 20R1285 X6650 Wireless All-in-One Printer,600.0,2073728.9299999985,90.27,664,35.66
TEC-PH-10001448,Anker Astro 15000mAh USB Portable Charger,599.88,2074328.8099999984,90.3,665,35.71
OFF-ST-10000934,"Contico 72""H Heavy-Duty Storage System",598.31,2074927.1199999985,90.32,666,35.77
TEC-MA-10003674,Hewlett-Packard Deskjet 5550 Printer,597.13,2075524.2499999984,90.35,667,35.82
OFF-PA-10002923,Xerox 1942,597.07,2076121.3199999984,90.38,668,35.88
TEC-PH-10003357,Grandstream GXP2100 Mainstream Business Phone,596.62,2076717.9399999985,90.4,669,35.93
OFF-PA-10002222,"Xerox Color Copier Paper, 11"" x 17"", Ream",593.84,2077311.7799999986,90.43,670,35.98
TEC-AC-10001114,Microsoft Wireless Mobile Mouse 4000,591.85,2077903.6299999987,90.45,671,36.04
TEC-PH-10000675,Panasonic KX TS3282B Corded phone,590.33,2078493.9599999988,90.48,672,36.09
OFF-PA-10001790,Xerox 1910,586.09,2079080.0499999989,90.5,673,36.14
OFF-BI-10003982,Wilson Jones Century Plastic Molded Ring Binders,583.64,2079663.6899999988,90.53,674,36.2
TEC-AC-10000991,Sony Micro Vault Click 8 GB USB 2.0 Flash Drive,582.68,2080246.3699999987,90.56,675,36.25
OFF-ST-10000676,Fellowes Econo/Stor Drawers,581.58,2080827.9499999988,90.58,676,36.31
FUR-FU-10001986,"Dana Fluorescent Magnifying Lamp, White, 36""",581.17,2081409.1199999987,90.61,677,36.36
TEC-MA-10001016,Canon PC170 Desktop Personal Copier,575.82,2081984.9399999988,90.63,678,36.41
OFF-PA-10003790,Xerox 1991,575.57,2082560.5099999988,90.66,679,36.47
FUR-FU-10004748,"Howard Miller 16"" Diameter Gallery Wall Clock",575.46,2083135.9699999988,90.68,680,36.52
OFF-LA-10001474,Avery 477,573.96,2083709.9299999988,90.71,681,36.57
OFF-AR-10002240,Panasonic KP-150 Electric Pencil Sharpener,573.65,2084283.5799999987,90.73,682,36.63
OFF-PA-10002319,Xerox 1944,573.65,2084857.2299999986,90.76,683,36.68
TEC-PH-10000011,PureGear Roll-On Screen Protector,571.71,2085428.9399999985,90.78,684,36.73
TEC-AC-10004595,First Data TMFD35 PIN Pad,571.2,2086000.1399999985,90.81,685,36.79
OFF-EN-10002504,"Tyvek  Top-Opening Peel & Seel Envelopes, Plain White",570.78,2086570.9199999985,90.83,686,36.84
OFF-BI-10003876,"Green Canvas Binder for 8-1/2"" x 14"" Sheets",569.24,2087140.1599999985,90.86,687,36.9
OFF-AR-10003903,Sanford 52201 APSCO Electric Pencil Sharpener,565.39,2087705.5499999984,90.88,688,36.95
TEC-AC-10003280,Belkin F8E887 USB Wired Ergonomic Keyboard,563.81,2088269.3599999985,90.9,689,37.0
FUR-FU-10003975,Eldon Advantage Chair Mats for Low to Medium Pile Carpets,563.03,2088832.3899999985,90.93,690,37.06
OFF-AP-10000159,Belkin F9M820V08 8 Outlet Surge,558.74,2089391.1299999985,90.95,691,37.11
TEC-AC-10000057,Microsoft Natural Ergonomic Keyboard 4000,557.81,2089948.9399999985,90.98,692,37.16
TEC-AC-10002006,Memorex Micro Travel Drive 16 GB,556.45,2090505.3899999985,91.0,693,37.22
OFF-BI-10001765,Wilson Jones Heavy-Duty Casebound Ring Binders with Metal Hinges,554.24,2091059.6299999985,91.03,694,37.27
OFF-EN-10000927,Jet-Pak Recycled Peel 'N' Seal Padded Mailers,552.71,2091612.3399999985,91.05,695,37.33
TEC-AC-10001874,Logitech Wireless Anywhere Mouse MX for PC and Mac,551.91,2092164.2499999984,91.07,696,37.38
FUR-FU-10002759,12-1/2 Diameter Round Wall Clock,551.45,2092715.6999999983,91.1,697,37.43
TEC-AC-10004901,Kensington SlimBlade Notebook Wireless Mouse with Nano Receiver ,549.89,2093265.5899999982,91.12,698,37.49
OFF-AP-10004336,"Conquest 14 Commercial Heavy-Duty Upright Vacuum, Collection System, Accessory Kit",546.82,2093812.4099999983,91.15,699,37.54
FUR-FU-10001602,"Eldon Delta Triangular Chair Mat, 52"" x 58"", Clear",546.19,2094358.5999999982,91.17,700,37.59
TEC-PH-10001468,Panasonic Business Telephones KX-T7736,546.06,2094904.6599999983,91.19,701,37.65
OFF-BI-10002794,"Avery Trapezoid Ring Binder, 3"" Capacity, Black, 1040 sheets",545.03,2095449.6899999983,91.22,702,37.7
TEC-AC-10003399,Memorex Mini Travel Drive 64 GB USB 2.0 Flash Drive,543.6,2095993.2899999984,91.24,703,37.76
OFF-PA-10001019,Xerox 1884,543.46,2096536.7499999984,91.26,704,37.81
TEC-PH-10001552,I Need's 3d Hello Kitty Hybrid Silicone Case Cover for HTC One X 4g with 3d Hello Kitty Stylus Pen Green/pink,542.98,2097079.7299999984,91.29,705,37.86
FUR-BO-10002853,O'Sullivan 5-Shelf Heavy-Duty Bookcases,540.8,2097620.5299999984,91.31,706,37.92
OFF-PA-10003656,Xerox 1935,538.15,2098158.6799999983,91.34,707,37.97
TEC-AC-10003116,Memorex Froggy Flash Drive 8 GB,536.05,2098694.729999998,91.36,708,38.02
FUR-FU-10004018,Tensor Computer Mounted Lamp,536.04,2099230.769999998,91.38,709,38.08
OFF-AR-10004602,Boston KS Multi-Size Manual Pencil Sharpener,533.37,2099764.1399999983,91.41,710,38.13
TEC-AC-10001013,Logitech ClearChat Comfort/USB Headset H390,533.08,2100297.2199999983,91.43,711,38.18
OFF-BI-10003684,Wilson Jones Legal Size Ring Binders,532.16,2100829.3799999985,91.45,712,38.24
FUR-FU-10003535,Howard Miller Distant Time Traveler Alarm Clock,531.95,2101361.3299999987,91.47,713,38.29
OFF-AR-10002067,Newell 334,531.71,2101893.0399999986,91.5,714,38.35
OFF-PA-10004353,Southworth 25% Cotton Premium Laser Paper and Envelopes,527.47,2102420.509999999,91.52,715,38.4
OFF-BI-10002429,"Premier Elliptical Ring Binder, Black",526.61,2102947.1199999987,91.54,716,38.45
OFF-AR-10003582,"Boston Electric Pencil Sharpener, Model 1818, Charcoal Black",523.59,2103470.7099999986,91.57,717,38.51
OFF-ST-10003641,Space Solutions Industrial Galvanized Steel Shelving.,520.08,2103990.7899999986,91.59,718,38.56
FUR-TA-10001866,Bevis Round Conference Room Tables and Bases,519.94,2104510.7299999986,91.61,719,38.61
OFF-ST-10000636,Rogers Profile Extra Capacity Storage Tub,518.94,2105029.6699999985,91.63,720,38.67
OFF-ST-10001321,"Decoflex Hanging Personal Folder File, Blue",518.11,2105547.7799999984,91.66,721,38.72
OFF-LA-10003923,Alphabetical Labels for Top Tab Filing,518.0,2106065.7799999984,91.68,722,38.78
OFF-ST-10001590,"Tenex Personal Project File with Scoop Front Design, Black",517.63,2106583.4099999983,91.7,723,38.83
OFF-PA-10002120,Xerox 1889,516.62,2107100.0299999984,91.72,724,38.88
TEC-PH-10004912,Cisco SPA112 2 Port Phone Adapter,516.53,2107616.559999998,91.75,725,38.94
OFF-AP-10002350,Belkin F9H710-06 7 Outlet SurgeMaster Surge Protector,516.22,2108132.7799999984,91.77,726,38.99
TEC-PH-10004896,Nokia Lumia 521 (T-Mobile),515.83,2108648.6099999985,91.79,727,39.04
OFF-AP-10001154,Bionaire Personal Warm Mist Humidifier/Vaporizer,515.79,2109164.3999999985,91.81,728,39.1
FUR-FU-10004952,"C-Line Cubicle Keepers Polyproplyene Holder w/Velcro Back, 8-1/2x11, 25/Bx",514.56,2109678.9599999986,91.84,729,39.15
FUR-FU-10000758,DAX Natural Wood-Tone Poster Frame,513.71,2110192.6699999985,91.86,730,39.21
OFF-PA-10000176,Xerox 1887,512.19,2110704.8599999985,91.88,731,39.26
OFF-AR-10001955,Newell 319,511.87,2111216.7299999986,91.9,732,39.31
FUR-FU-10003623,"DataProducts Ampli Magnifier Task Lamp, Black,",508.73,2111725.4599999986,91.93,733,39.37
TEC-MA-10001031,Socket Bluetooth Cordless Hand Scanner (CHS),506.28,2112231.7399999984,91.95,734,39.42
OFF-BI-10001510,Deluxe Heavy-Duty Vinyl Round Ring Binder,504.24,2112735.9799999986,91.97,735,39.47
TEC-AC-10002335,Logitech Media Keyboard K200,503.86,2113239.8399999985,91.99,736,39.53
TEC-AC-10000023,"Maxell 74 Minute CD-R Spindle, 50/Pack",503.28,2113743.1199999982,92.01,737,39.58
OFF-PA-10003823,Xerox 197,501.88,2114244.999999998,92.04,738,39.63
OFF-PA-10000659,"Adams Phone Message Book, Professional, 400 Message Capacity, 5 3/6” x 11”",501.39,2114746.3899999983,92.06,739,39.69
FUR-FU-10003039,"Howard Miller 11-1/2"" Diameter Grantwood Wall Clock",500.31,2115246.6999999983,92.08,740,39.74
TEC-AC-10003289,Anker Ultra-Slim Mini Bluetooth 3.0 Wireless Keyboard,499.75,2115746.4499999983,92.1,741,39.8
OFF-PA-10003134,Xerox 1937,499.62,2116246.0699999984,92.12,742,39.85
TEC-PH-10000193,Jensen SMPS-640 - speaker phone,496.58,2116742.6499999985,92.14,743,39.9
OFF-AR-10004042,"BOSTON Model 1800 Electric Pencil Sharpeners, Putty/Woodgrain",496.25,2117238.8999999985,92.17,744,39.96
OFF-BI-10000778,GBC VeloBinder Electric Binding Machine,496.02,2117734.9199999985,92.19,745,40.01
TEC-PH-10000439,GE DSL Phone Line Filter,495.88,2118230.7999999984,92.21,746,40.06
TEC-AC-10002600,Belkin QODE FastFit Bluetooth Keyboard,495.6,2118726.3999999985,92.23,747,40.12
TEC-AC-10000927,Anker Ultrathin Bluetooth Wireless Keyboard Aluminum Cover with Stand ,491.84,2119218.2399999984,92.25,748,40.17
TEC-PH-10003095,Samsung HM1900 Bluetooth Headset,491.68,2119709.9199999985,92.27,749,40.23
OFF-PA-10000167,Xerox 1925,489.48,2120199.3999999985,92.29,750,40.28
FUR-BO-10004360,Rush Hierlooms Collection Rich Wood Bookcases,489.38,2120688.7799999984,92.32,751,40.33
OFF-EN-10004483,"#10 White Business Envelopes,4 1/8 x 9 1/2",488.9,2121177.6799999983,92.34,752,40.39
TEC-PH-10000141,Clearsounds A400,488.33,2121666.0099999984,92.36,753,40.44
FUR-FU-10000076,24-Hour Round Wall Clock,487.51,2122153.519999998,92.38,754,40.49
OFF-BI-10004001,GBC Recycled VeloBinder Covers,487.34,2122640.859999998,92.4,755,40.55
OFF-ST-10004180,Safco Commercial Shelving,483.7,2123124.559999998,92.42,756,40.6
OFF-ST-10002370,"Sortfiler Multipurpose Personal File Organizer, Black",483.41,2123607.9699999983,92.44,757,40.66
TEC-PH-10001615,AT&T CL82213,481.23,2124089.1999999983,92.46,758,40.71
OFF-ST-10002583,Fellowes Neat Ideas Storage Cubes,480.7,2124569.8999999985,92.49,759,40.76
TEC-MA-10002790,NeatDesk Desktop Scanner & Digital Filing System,479.99,2125049.8899999987,92.51,760,40.82
TEC-AC-10004420,Cherry 142-key Programmable Keyboard,479.72,2125529.609999999,92.53,761,40.87
FUR-FU-10004460,"Howard Miller 12"" Round Wall Clock",479.34,2126008.949999999,92.55,762,40.92
TEC-AC-10003038,Kingston Digital DataTraveler 16GB USB 2.0,477.93,2126486.879999999,92.57,763,40.98
TEC-PH-10001300,"iKross Bluetooth Portable Keyboard + Cell Phone Stand Holder + Brush for Apple iPhone 5S 5C 5, 4S 4",477.66,2126964.539999999,92.59,764,41.03
OFF-ST-10000107,Fellowes Super Stor/Drawer,477.3,2127441.839999999,92.61,765,41.08
OFF-AR-10000588,Newell 345,476.16,2127917.999999999,92.63,766,41.14
TEC-PH-10000586,AT&T SB67148 SynJ,475.13,2128393.129999999,92.65,767,41.19
TEC-AC-10001284,Enermax Briskie RF Wireless Keyboard and Mouse Combo,469.4,2128862.529999999,92.67,768,41.25
FUR-FU-10000305,"Tenex V2T-RE Standard Weight Series Chair Mat, 45"" x 53"", Lip 25"" x 12""",468.47,2129330.999999999,92.69,769,41.3
TEC-PH-10004522,Dexim XPower Skin Super-Thin Power Case for iPhone 5 - Black,467.92,2129798.919999999,92.71,770,41.35
FUR-FU-10000193,Tenex Chairmats For Use with Hard Floors,467.71,2130266.629999999,92.73,771,41.41
TEC-AC-10001267,Imation 32GB Pocket Pro USB 3.0 Flash Drive - 32 GB - Black - 1 P ...,467.22,2130733.849999999,92.75,772,41.46
TEC-PH-10003215,Jackery Bar Premium Fast-charging Portable Charger,467.22,2131201.0699999994,92.77,773,41.51
FUR-FU-10002878,"Seth Thomas 14"" Day/Date Wall Clock",467.07,2131668.139999999,92.79,774,41.57
OFF-BI-10004230,GBC Recycled Grain Textured Covers,466.29,2132134.4299999992,92.81,775,41.62
OFF-BI-10001658,GBC Standard Therm-A-Bind Covers,466.0,2132600.4299999992,92.83,776,41.68
TEC-MA-10002930,Ricoh - Ink Collector Unit for GX3000 Series Printers,465.65,2133066.079999999,92.86,777,41.73
OFF-AP-10002892,Belkin F5C206VTEL 6 Outlet Surge,464.2,2133530.2799999993,92.88,778,41.78
FUR-FU-10003374,Electrix Fluorescent Magnifier Lamps & Weighted Base,463.8,2133994.079999999,92.9,779,41.84
OFF-ST-10001228,"Fellowes Personal Hanging Folder Files, Navy",462.33,2134456.409999999,92.92,780,41.89
TEC-AC-10004855,V7 USB Numeric Keypad,461.87,2134918.2799999993,92.94,781,41.94
OFF-AR-10001615,Newell 34,460.29,2135378.5699999994,92.96,782,42.0
OFF-ST-10001328,"Personal Filing Tote with Lid, Black/Gray",459.1,2135837.6699999995,92.98,783,42.05
OFF-SU-10000898,"Acme Hot Forged Carbon Steel Scissors with Nickel-Plated Handles, 3 7/8"" Cut, 8""L",458.7,2136296.3699999996,93.0,784,42.11
OFF-PA-10000241,"IBM Multi-Purpose Copy Paper, 8 1/2 x 11"", Case",458.5,2136754.8699999996,93.02,785,42.16
OFF-ST-10001558,Acco Perma 4000 Stacking Storage Drawers,457.97,2137212.84,93.04,786,42.21
FUR-FU-10001095,DAX Black Cherry Wood-Tone Poster Frame,455.46,2137668.3,93.06,787,42.27
FUR-FU-10000629,9-3/4 Diameter Round Wall Clock,455.07,2138123.3699999996,93.08,788,42.32
TEC-PH-10004006,Panasonic KX - TS880B Telephone,453.42,2138576.7899999996,93.09,789,42.37
OFF-AP-10002495,"Acco Smartsocket Table Surge Protector, 6 Color-Coded Adapter Outlets",452.97,2139029.76,93.11,790,42.43
OFF-BI-10000315,Poly Designer Cover & Back,451.96,2139481.7199999997,93.13,791,42.48
TEC-MA-10002109,"HP Officejet Pro 8600 e-All-In-One Printer, Copier, Scanner, Fax",449.97,2139931.69,93.15,792,42.53
OFF-ST-10003638,Mobile Personal File Cube,449.66,2140381.35,93.17,793,42.59
OFF-AP-10002403,Acco Smartsocket Color-Coded Six-Outlet AC Adapter Model Surge Protectors,448.9,2140830.25,93.19,794,42.64
OFF-SU-10002573,"Acme 10"" Easy Grip Assistive Scissors",448.77,2141279.02,93.21,795,42.7
TEC-MA-10003246,Hewlett-Packard Deskjet D4360 Printer,447.97,2141726.99,93.23,796,42.75
OFF-AR-10002956,Boston 16801 Nautilus Battery Pencil Sharpener,444.6,2142171.5900000003,93.25,797,42.8
OFF-ST-10002485,Rogers Deluxe File Chest,444.0,2142615.5900000003,93.27,798,42.86
OFF-PA-10001977,Xerox 194,443.84,2143059.43,93.29,799,42.91
TEC-AC-10002217,Imation Clip USB flash drive - 8 GB,443.68,2143503.1100000003,93.31,800,42.96
TEC-PH-10003589,invisibleSHIELD by ZAGG Smudge-Free Screen Protector,442.55,2143945.66,93.33,801,43.02
FUR-FU-10000222,"Seth Thomas 16"" Steel Case Clock",441.73,2144387.39,93.35,802,43.07
TEC-AC-10003063,Micro Innovations USB RF Wireless Keyboard with Mouse,440.0,2144827.39,93.37,803,43.13
FUR-FU-10001588,"Deflect-o SuperTray Unbreakable Stackable Tray, Letter, Black",437.7,2145265.0900000003,93.39,804,43.18
OFF-AR-10002987,Prismacolor Color Pencil Set,436.48,2145701.5700000003,93.41,805,43.23
OFF-AP-10000358,Fellowes Basic Home/Office Series Surge Protectors,436.13,2146137.7,93.42,806,43.29
FUR-FU-10001861,"Floodlight Indoor Halogen Bulbs, 1 Bulb per Pack, 60 Watts",434.56,2146572.2600000002,93.44,807,43.34
OFF-BI-10000069,"GBC Prepunched Paper, 19-Hole, for Binding Systems, 24-lb",433.79,2147006.0500000003,93.46,808,43.39
OFF-EN-10004773,Staple envelope,433.72,2147439.7700000005,93.48,809,43.45
OFF-AP-10004859,Acco 6 Outlet Guardian Premium Surge Suppressor,432.43,2147872.2000000007,93.5,810,43.5
OFF-AR-10000937,"Dixon Ticonderoga Core-Lock Colored Pencils, 48-Color Set",431.29,2148303.4900000007,93.52,811,43.56
OFF-ST-10004507,Advantus Rolling Storage Box,428.75,2148732.2400000007,93.54,812,43.61
TEC-PH-10000149,Cisco SPA525G2 IP Phone - Wireless,426.93,2149159.170000001,93.56,813,43.66
FUR-FU-10004270,"Eldon Image Series Desk Accessories, Burgundy",426.56,2149585.730000001,93.57,814,43.72
FUR-BO-10001619,O'Sullivan Cherrywood Estates Traditional Bookcase,424.9,2150010.630000001,93.59,815,43.77
OFF-PA-10004381,14-7/8 x 11 Blue Bar Computer Printout Paper,422.75,2150433.380000001,93.61,816,43.82
OFF-BI-10001191,Canvas Sectional Post Binders,422.64,2150856.020000001,93.63,817,43.88
OFF-LA-10001074,Round Specialty Laser Printer Labels,421.01,2151277.0300000007,93.65,818,43.93
TEC-AC-10000397,"Perixx PERIBOARD-512B, Ergonomic Split Keyboard",419.88,2151696.9100000006,93.67,819,43.98
TEC-PH-10002807,Motorla HX550 Universal Bluetooth Headset,419.23,2152116.1400000006,93.68,820,44.04
OFF-PA-10004243,Xerox 1939,417.34,2152533.4800000004,93.7,821,44.09
OFF-PA-10000483,Xerox 19,415.13,2152948.6100000003,93.72,822,44.15
TEC-PH-10003800,i.Sound Portable Power - 8000 mAh,413.32,2153361.93,93.74,823,44.2
OFF-BI-10000962,"Acco Flexible ACCOHIDE Square Ring Data Binder, Dark Blue, 11 1/2"" X 14"" 7/8""",410.0,2153771.93,93.76,824,44.25
OFF-AP-10004532,Kensington 6 Outlet Guardian Standard Surge Protector,409.6,2154181.5300000003,93.77,825,44.31
FUR-FU-10002501,Nu-Dell Executive Frame,409.54,2154591.0700000003,93.79,826,44.36
OFF-ST-10001172,"Tennsco Lockers, Sand",407.01,2154998.08,93.81,827,44.41
OFF-ST-10002289,"Safco Wire Cube Shelving System, For Use as 4 or 5 14"" Cubes, Black",406.78,2155404.86,93.83,828,44.47
OFF-PA-10001295,Computer Printout Paper with Letter-Trim Perforations,405.96,2155810.82,93.85,829,44.52
OFF-AR-10000538,"Boston Model 1800 Electric Pencil Sharpener, Gray",405.36,2156216.1799999997,93.86,830,44.58
OFF-AR-10001897,Model L Table or Wall-Mount Pencil Sharpener,402.98,2156619.1599999997,93.88,831,44.63
OFF-ST-10000642,"Tennsco Lockers, Gray",402.82,2157021.9799999995,93.9,832,44.68
FUR-BO-10002202,"Atlantic Metals Mobile 2-Shelf Bookcases, Custom Colors",400.03,2157422.0099999993,93.92,833,44.74
TEC-MA-10004458,Lexmark X 9575 Professional All-in-One Color Printer,396.0,2157818.0099999993,93.93,834,44.79
TEC-PH-10004100,Griffin GC17055 Auxiliary Audio Cable,395.78,2158213.789999999,93.95,835,44.84
FUR-FU-10004960,"Seth Thomas 12"" Clock w/ Goldtone Case",390.66,2158604.4499999993,93.97,836,44.9
OFF-BI-10002852,Ibico Standard Transparent Covers,390.58,2158995.0299999993,93.98,837,44.95
OFF-AR-10004260,Boston 1799 Powerhouse Electric Pencil Sharpener,389.7,2159384.7299999995,94.0,838,45.01
TEC-AC-10004001,Logitech Wireless Headset H600 Over-The-Head Design,386.91,2159771.6399999997,94.02,839,45.06
OFF-AP-10002765,Fellowes Advanced Computer Series Surge Protectors,386.75,2160158.3899999997,94.03,840,45.11
OFF-BI-10004236,"XtraLife ClearVue Slant-D Ring Binder, White, 3""",386.08,2160544.4699999997,94.05,841,45.17
TEC-MA-10001570,Cisco Desktop Collaboration Experience DX650 IP Video Phone,385.8,2160930.2699999996,94.07,842,45.22
TEC-PH-10004188,OtterBox Commuter Series Case - Samsung Galaxy S4,384.85,2161315.1199999996,94.08,843,45.27
TEC-AC-10002647,"Logitech Wireless Boombox Speaker - portable - wireless, wired",383.04,2161698.1599999997,94.1,844,45.33
TEC-AC-10004864,Memorex Micro Travel Drive 32 GB,379.7,2162077.86,94.12,845,45.38
FUR-FU-10004622,Eldon Advantage Foldable Chair Mats for Low Pile Carpets,379.4,2162457.26,94.13,846,45.44
TEC-PH-10002075,AT&T EL51110 DECT,377.97,2162835.23,94.15,847,45.49
FUR-FU-10002045,"Executive Impressions 14""",377.91,2163213.14,94.17,848,45.54
OFF-BI-10002498,Clear Mylar Reinforcing Strips,377.54,2163590.68,94.18,849,45.6
OFF-EN-10002500,Globe Weis Peel & Seel First Class Envelopes,375.73,2163966.41,94.2,850,45.65
OFF-ST-10002301,Tennsco Commercial Shelving,374.26,2164340.67,94.22,851,45.7
TEC-AC-10004859,"Maxell Pro 80 Minute CD-R, 10/Pack",374.07,2164714.7399999998,94.23,852,45.76
TEC-AC-10001553,"Memorex 25GB 6X Branded Blu-Ray Recordable Disc, 15/Pack",373.78,2165088.5199999996,94.25,853,45.81
OFF-LA-10004544,Avery 505,372.96,2165461.4799999995,94.27,854,45.86
OFF-BI-10003638,GBC Durable Plastic Covers,369.58,2165831.0599999996,94.28,855,45.92
FUR-FU-10003247,36X48 HARDFLOOR CHAIRMAT,369.25,2166200.3099999996,94.3,856,45.97
OFF-ST-10000464,"Multi-Use Personal File Cart and Caster Set, Three Stacking Bins",368.46,2166568.7699999996,94.31,857,46.03
TEC-AC-10003657,Lenovo 17-Key USB Numeric Keypad,367.09,2166935.8599999994,94.33,858,46.08
TEC-AC-10001383,Logitech Wireless Touch Keyboard K400,364.85,2167300.7099999995,94.35,859,46.13
TEC-AC-10002399,SanDisk Cruzer 32 GB USB Flash Drive,361.38,2167662.0899999994,94.36,860,46.19
TEC-AC-10004114,KeyTronic 6101 Series - Keyboard - Black,360.71,2168022.7999999993,94.38,861,46.24
TEC-AC-10001956,Microsoft Arc Touch Mouse,359.7,2168382.4999999995,94.39,862,46.29
FUR-FU-10000521,"Seth Thomas 14"" Putty-Colored Wall Clock",357.95,2168740.4499999997,94.41,863,46.35
OFF-AP-10000696,Holmes Odor Grabber,357.62,2169098.07,94.42,864,46.4
TEC-AC-10002167,Imation 8gb Micro Traveldrive Usb 2.0 Flash Drive,357.0,2169455.07,94.44,865,46.46
TEC-AC-10003441,Kingston Digital DataTraveler 32GB USB 2.0,355.95,2169811.02,94.45,866,46.51
OFF-BI-10003707,Aluminum Screw Posts,354.03,2170165.05,94.47,867,46.56
OFF-ST-10002406,Pizazz Global Quick File,353.29,2170518.34,94.49,868,46.62
OFF-PA-10000595,Xerox 1929,351.74,2170870.08,94.5,869,46.67
TEC-MA-10002981,I.R.I.S IRISCard Anywhere 5 Card Scanner,350.97,2171221.0500000003,94.52,870,46.72
TEC-AC-10003027,Imation 8GB Mini TravelDrive USB 2.0 Flash Drive,350.2,2171571.2500000005,94.53,871,46.78
OFF-ST-10004963,Eldon Gobal File Keepers,348.22,2171919.4700000007,94.55,872,46.83
OFF-ST-10000615,"SimpliFile Personal File, Black Granite, 15w x 6-15/16d x 11-1/4h",347.31,2172266.7800000007,94.56,873,46.89
FUR-FU-10004090,"Executive Impressions 14"" Contract Wall Clock",346.79,2172613.5700000008,94.58,874,46.94
OFF-BI-10001721,Trimflex Flexible Post Binders,346.36,2172959.9300000006,94.59,875,46.99
OFF-ST-10001325,Sterilite Officeware Hinged File Box,345.84,2173305.7700000005,94.61,876,47.05
OFF-ST-10000876,Eldon Simplefile Box Office,345.83,2173651.6000000006,94.62,877,47.1
OFF-ST-10000798,2300 Heavy-Duty Transfer File Systems by Perma,344.72,2173996.3200000008,94.64,878,47.15
OFF-AP-10000692,Fellowes Mighty 8 Compact Surge Protector,344.59,2174340.9100000006,94.65,879,47.21
FUR-FU-10004597,Eldon Cleatmat Chair Mats for Medium Pile Carpets,344.1,2174685.0100000007,94.67,880,47.26
OFF-AP-10001492,"Acco Six-Outlet Power Strip, 4' Cord Length",343.08,2175028.090000001,94.68,881,47.31
OFF-BI-10002353,GBC VeloBind Cover Sets,342.77,2175370.860000001,94.7,882,47.37
OFF-PA-10004092,Tops Green Bar Computer Printout Paper,342.58,2175713.440000001,94.71,883,47.42
OFF-AR-10004648,Boston 19500 Mighty Mite Electric Pencil Sharpener,342.55,2176055.9900000007,94.73,884,47.48
TEC-MA-10000904,"Brother MFC-9340CDW LED All-In-One Printer, Copier Scanner",341.99,2176397.980000001,94.74,885,47.53
TEC-PH-10004959,Classic Ivory Antique Telephone ZL1810,341.67,2176739.650000001,94.76,886,47.58
OFF-ST-10000136,Letter Size File,341.42,2177081.0700000008,94.77,887,47.64
TEC-PH-10002293,Anker 36W 4-Port USB Wall Charger Travel Power Adapter for iPhone 5s 5c 5,339.83,2177420.900000001,94.79,888,47.69
FUR-FU-10000397,Luxo Economy Swing Arm Lamp,338.98,2177759.880000001,94.8,889,47.74
OFF-ST-10003455,"Tenex File Box, Personal Filing Tote with Lid, Black",338.12,2178098.000000001,94.82,890,47.8
OFF-EN-10001335,"White Business Envelopes with Contemporary Seam, Recycled White Business Envelopes",336.95,2178434.950000001,94.83,891,47.85
TEC-MA-10003066,Wasp CCD Handheld Bar Code Reader,336.51,2178771.460000001,94.84,892,47.91
TEC-PH-10001644,"BlueLounge Milo Smartphone Stand, White/Metallic",335.89,2179107.350000001,94.86,893,47.96
OFF-BI-10002225,"Square Ring Data Binders, Rigid 75 Pt. Covers, 11"" x 14-7/8""",334.37,2179441.720000001,94.87,894,48.01
OFF-PA-10003441,Xerox 226,334.37,2179776.0900000012,94.89,895,48.07
FUR-FU-10001475,"Contract Clock, 14"", Brown",334.1,2180110.1900000013,94.9,896,48.12
OFF-AP-10002998,Holmes 99% HEPA Air Purifier,333.56,2180443.7500000014,94.92,897,48.17
FUR-FU-10002379,Eldon Econocleat Chair Mats for Low Pile Carpets,331.76,2180775.510000001,94.93,898,48.23
OFF-AR-10004344,Bulldog Vacuum Base Pencil Sharpener,330.92,2181106.430000001,94.95,899,48.28
TEC-AC-10004227,SanDisk Ultra 16 GB MicroSDHC Class 10 Memory Card,329.95,2181436.3800000013,94.96,900,48.34
OFF-PA-10003625,Xerox 1979,328.39,2181764.7700000014,94.97,901,48.39
OFF-PA-10003127,Easy-staple paper,327.11,2182091.8800000013,94.99,902,48.44
OFF-EN-10004206,Multimedia Mailers,325.86,2182417.740000001,95.0,903,48.5
TEC-AC-10002305,KeyTronic E03601U1 - Keyboard - Beige,324.0,2182741.740000001,95.02,904,48.55
TEC-PH-10002817,RCA ViSYS 25425RE1 Corded phone,323.98,2183065.720000001,95.03,905,48.6
FUR-BO-10003433,Sauder Cornerstone Collection Library,322.19,2183387.910000001,95.05,906,48.66
TEC-AC-10000682,Kensington K72356US Mouse-in-a-Box USB Desktop Mouse,321.85,2183709.760000001,95.06,907,48.71
OFF-PA-10004530,Personal Creations Ink Jet Cards and Labels,321.44,2184031.200000001,95.07,908,48.76
OFF-EN-10000483,"White Envelopes, White Envelopes with Clear Poly Window",320.25,2184351.450000001,95.09,909,48.82
TEC-MA-10004255,Konica Minolta magicolor 1690MF Multifunction Printer,319.92,2184671.370000001,95.1,910,48.87
OFF-ST-10002214,X-Rack File for Hanging Folders,318.38,2184989.750000001,95.12,911,48.93
OFF-ST-10000419,"Rogers Jumbo File, Granite",317.77,2185307.520000001,95.13,912,48.98
FUR-FU-10003799,"Seth Thomas 13 1/2"" Wall Clock",316.48,2185624.000000001,95.14,913,49.03
OFF-BI-10002931,"Avery Trapezoid Extra Heavy Duty 4"" Binders",314.55,2185938.5500000007,95.16,914,49.09
OFF-BI-10004233,"GBC Pre-Punched Binding Paper, Plastic, White, 8-1/2"" x 11""",310.21,2186248.7600000007,95.17,915,49.14
FUR-FU-10000087,"Executive Impressions 14"" Two-Color Numerals Wall Clock",308.99,2186557.750000001,95.18,916,49.19
OFF-BI-10002824,Recycled Easel Ring Binders,308.84,2186866.590000001,95.2,917,49.25
OFF-SU-10001218,Fiskars Softgrip Scissors,307.44,2187174.0300000007,95.21,918,49.3
OFF-SU-10002537,Acme Box Cutter Scissors,306.9,2187480.9300000006,95.22,919,49.36
OFF-AP-10004980,3M Replacement Filter for Office Air Cleaner for 20' x 33' Room,303.36,2187784.2900000005,95.24,920,49.41
OFF-ST-10000760,Eldon Fold 'N Roll Cart System,301.97,2188086.2600000007,95.25,921,49.46
OFF-ST-10002486,Eldon Shelf Savers Cubes and Bins,300.14,2188386.400000001,95.26,922,49.52
TEC-MA-10000597,Lexmark S315 Color Inkjet Printer,299.97,2188686.370000001,95.28,923,49.57
FUR-FU-10001057,Tensor Track Tree Floor Lamp,299.85,2188986.220000001,95.29,924,49.62
OFF-AP-10004233,Honeywell Enviracaire Portable Air Cleaner for up to 8 x 10 Room,299.21,2189285.430000001,95.3,925,49.68
TEC-AC-10001266,Memorex Micro Travel Drive 8 GB,299.0,2189584.430000001,95.32,926,49.73
FUR-FU-10003347,Coloredge Poster Frame,298.2,2189882.6300000013,95.33,927,49.79
OFF-AR-10001725,Boston Home & Office Model 2000 Electric Pencil Sharpeners,297.99,2190180.6200000015,95.34,928,49.84
OFF-PA-10003022,Standard Line “While You Were Out” Hardbound Telephone Message Book,297.12,2190477.7400000016,95.35,929,49.89
TEC-AC-10000710,Maxell DVD-RAM Discs,296.64,2190774.3800000018,95.37,930,49.95
OFF-FA-10004854,"Vinyl Coated Wire Paper Clips in Organizer Box, 800/Box",296.18,2191070.560000002,95.38,931,50.0
OFF-PA-10001363,Xerox 1933,294.72,2191365.280000002,95.39,932,50.05
OFF-AR-10002952,Stanley Contemporary Battery Pencil Sharpeners,293.7,2191658.9800000023,95.41,933,50.11
TEC-AC-10003447,Micropad Numeric Keypads,291.85,2191950.8300000024,95.42,934,50.16
FUR-FU-10002813,"DAX Contemporary Wood Frame with Silver Metal Mat, Desktop, 11 x 14 Size",291.46,2192242.2900000024,95.43,935,50.21
OFF-AP-10001947,Acco 6 Outlet Guardian Premium Plus Surge Suppressor,289.46,2192531.7500000023,95.44,936,50.27
OFF-AR-10001915,Peel-Off China Markers,287.97,2192819.7200000025,95.46,937,50.32
OFF-BI-10001628,"Acco Data Flex Cable Posts For Top & Bottom Load Binders, 6"" Capacity",287.87,2193107.5900000026,95.47,938,50.38
OFF-EN-10003286,Staple envelope,284.83,2193392.4200000027,95.48,939,50.43
OFF-PA-10002421,Embossed Ink Jet Note Cards,284.38,2193676.8000000026,95.49,940,50.48
OFF-ST-10002182,"Iris 3-Drawer Stacking Bin, Black",284.1,2193960.9000000027,95.51,941,50.54
OFF-PA-10000380,"REDIFORM Incoming/Outgoing Call Register, 11"" X 8 1/2"", 100 Messages",281.89,2194242.790000003,95.52,942,50.59
TEC-PH-10001870,Lunatik TT5L-002 Taktik Strike Impact Protection System for iPhone 5,281.66,2194524.450000003,95.53,943,50.64
OFF-PA-10002986,Xerox 1898,280.56,2194805.010000003,95.54,944,50.7
TEC-AC-10004518,Memorex Mini Travel Drive 32 GB USB 2.0 Flash Drive,280.0,2195085.010000003,95.55,945,50.75
TEC-MA-10000029,"Epson WorkForce WF-2530 All-in-One Printer, Copier Scanner",279.96,2195364.970000003,95.57,946,50.81
OFF-PA-10000565,Easy-staple paper,279.9,2195644.870000003,95.58,947,50.86
TEC-PH-10004833,Macally Suction Cup Mount,279.63,2195924.500000003,95.59,948,50.91
FUR-FU-10003724,Westinghouse Clip-On Gooseneck Lamps,279.56,2196204.060000003,95.6,949,50.97
OFF-SU-10000381,Acme Forged Steel Scissors with Black Enamel Handles,279.3,2196483.3600000027,95.62,950,51.02
OFF-AP-10002670,Belkin 8-Outlet Premiere SurgeMaster II Surge Protectors,277.92,2196761.2800000026,95.63,951,51.07
OFF-LA-10001158,"Avery Address/Shipping Labels for Typewriters, 4"" x 2""",277.38,2197038.6600000025,95.64,952,51.13
OFF-BI-10003719,Large Capacity Hanging Post Binders,276.94,2197315.6000000024,95.65,953,51.18
OFF-ST-10000344,"Neat Ideas Personal Hanging Folder Files, Black",276.66,2197592.2600000026,95.66,954,51.24
TEC-AC-10002345,HP Standard 104 key PS/2 Keyboard,275.5,2197867.7600000026,95.68,955,51.29
OFF-AR-10001958,Stanley Bostitch Contemporary Electric Pencil Sharpeners,275.08,2198142.8400000026,95.69,956,51.34
TEC-PH-10000213,Seidio BD2-HK3IPH5-BK DILEX Case and Holster Combo for Apple iPhone 5/5s - Black,272.89,2198415.730000003,95.7,957,51.4
OFF-BI-10001294,Fellowes Binding Cases,271.44,2198687.1700000027,95.71,958,51.45
FUR-FU-10001591,Advantus Panel Wall Certificate Holder - 8.5x11,270.84,2198958.0100000026,95.72,959,51.5
OFF-ST-10001031,Adjustable Personal File Tote,270.25,2199228.2600000026,95.74,960,51.56
OFF-BI-10001460,Plastic Binding Combs,269.67,2199497.9300000025,95.75,961,51.61
OFF-BI-10000309,"GBC Twin Loop Wire Binding Elements, 9/16"" Spine, Black",269.39,2199767.3200000026,95.76,962,51.66
OFF-BI-10001107,"GBC White Gloss Covers, Plain Front",269.33,2200036.6500000027,95.77,963,51.72
OFF-PA-10001509,"Recycled Desk Saver Line ""While You Were Out"" Book, 5 1/2"" X 4""",268.5,2200305.1500000027,95.78,964,51.77
OFF-PA-10002558,Xerox 1938,268.24,2200573.390000003,95.79,965,51.83
OFF-LA-10003498,Avery 475,266.4,2200839.790000003,95.81,966,51.88
OFF-AP-10000055,Belkin F9S820V06 8 Outlet Surge,266.34,2201106.1300000027,95.82,967,51.93
TEC-AC-10002718,Belkin Standard 104 key USB Keyboard,265.54,2201371.6700000027,95.83,968,51.99
FUR-FU-10001889,Ultra Door Pull Handle,265.1,2201636.770000003,95.84,969,52.04
TEC-AC-10004761,Maxell 4.7GB DVD+RW 3/Pack,264.44,2201901.2100000028,95.85,970,52.09
OFF-AR-10000658,Newell 324,263.34,2202164.5500000026,95.86,971,52.15
OFF-PA-10002137,"Southworth 100% Résumé Paper, 24lb.",262.96,2202427.5100000026,95.87,972,52.2
FUR-FU-10001756,"Eldon Expressions Desk Accessory, Wood Photo Frame, Mahogany",262.75,2202690.2600000026,95.89,973,52.26
OFF-ST-10002205,File Shuttle I and Handi-File,262.67,2202952.9300000025,95.9,974,52.31
OFF-AP-10003971,Belkin 6 Outlet Metallic Surge Strip,262.45,2203215.3800000027,95.91,975,52.36
TEC-PH-10003988,"LF Elite 3D Dazzle Designer Hard Case Cover, Lf Stylus Pen and Wiper For Apple Iphone 5c Mini Lite",261.6,2203476.980000003,95.92,976,52.42
FUR-FU-10004093,Hand-Finished Solid Wood Document Frame,260.15,2203737.1300000027,95.93,977,52.47
OFF-AP-10002472,3M Office Air Cleaner,259.8,2203996.9300000025,95.94,978,52.52
OFF-ST-10004946,Desktop 3-Pocket Hot File,259.68,2204256.6100000027,95.95,979,52.58
OFF-EN-10004386,"Recycled Interoffice Envelopes with String and Button Closure, 10 x 13",259.09,2204515.7000000025,95.97,980,52.63
FUR-FU-10000672,"Executive Impressions 10"" Spectator Wall Clock",258.72,2204774.4200000027,95.98,981,52.69
OFF-BI-10003676,"GBC Standard Recycled Report Covers, Clear Plastic Sheets",258.72,2205033.140000003,95.99,982,52.74
OFF-BI-10004308,Avery Legal 4-Ring Binder,258.05,2205291.1900000027,96.0,983,52.79
TEC-PH-10004897,Mediabridge Sport Armband iPhone 5s,257.74,2205548.930000003,96.01,984,52.85
OFF-PA-10001685,Easy-staple paper,257.56,2205806.490000003,96.02,985,52.9
OFF-BI-10004828,GBC Poly Designer Binding Covers,256.12,2206062.610000003,96.03,986,52.95
OFF-AR-10003727,Berol Giant Pencil Sharpener,254.85,2206317.460000003,96.04,987,53.01
FUR-FU-10003878,"Linden 10"" Round Wall Clock, Black",253.65,2206571.110000003,96.05,988,53.06
TEC-PH-10002350,Apple EarPods with Remote and Mic,251.91,2206823.0200000033,96.07,989,53.11
FUR-FU-10001934,Magnifier Swing Arm Lamp,251.76,2207074.780000003,96.08,990,53.17
TEC-AC-10004708,Sony 32GB Class 10 Micro SDHC R40 Memory Card,251.4,2207326.180000003,96.09,991,53.22
OFF-ST-10000649,Hanging Personal Folder File,251.2,2207577.380000003,96.1,992,53.28
TEC-AC-10004803,Sony Micro Vault Click 4 GB USB 2.0 Flash Drive,250.92,2207828.300000003,96.11,993,53.33
OFF-LA-10001297,Avery 473,248.4,2208076.700000003,96.12,994,53.38
OFF-ST-10003324,Belkin OmniView SE Rackmount Kit,248.36,2208325.060000003,96.13,995,53.44
TEC-AC-10000171,"Verbatim 25 GB 6x Blu-ray Single Layer Recordable Disc, 25/Pack",248.29,2208573.350000003,96.14,996,53.49
OFF-EN-10003134,Staple envelope,247.62,2208820.970000003,96.15,997,53.54
FUR-FU-10003577,Nu-Dell Leatherette Frames,246.65,2209067.620000003,96.16,998,53.6
OFF-PA-10001776,"Wirebound Message Books, Four 2 3/4"" x 5"" Forms per Page, 600 Sets per Book",246.58,2209314.200000003,96.17,999,53.65
OFF-PA-10003673,Strathmore Photo Mount Cards,245.44,2209559.640000003,96.18,1000,53.71
FUR-CH-10002017,SAFCO Optional Arm Kit for Workspace Cribbage Stacking Chair,245.09,2209804.730000003,96.2,1001,53.76
OFF-PA-10002499,Xerox 1890,244.7,2210049.430000003,96.21,1002,53.81
OFF-EN-10001532,Brown Kraft Recycled Envelopes,244.51,2210293.9400000027,96.22,1003,53.87
FUR-FU-10000246,Aluminum Document Frame,244.4,2210538.3400000026,96.23,1004,53.92
OFF-AP-10003860,Fellowes Advanced 8 Outlet Surge Suppressor with Phone/Fax Protection,244.29,2210782.6300000027,96.24,1005,53.97
OFF-BI-10000088,GBC Imprintable Covers,241.56,2211024.1900000027,96.25,1006,54.03
OFF-EN-10003040,Quality Park Security Envelopes,240.76,2211264.9500000025,96.26,1007,54.08
TEC-AC-10000303,Logitech M510 Wireless Mouse,239.94,2211504.8900000025,96.27,1008,54.14
TEC-PH-10000923,"Belkin SportFit Armband For iPhone 5s/5c, Fuchsia",239.84,2211744.7300000023,96.28,1009,54.19
OFF-AP-10002082,Holmes HEPA Air Purifier,239.58,2211984.3100000024,96.29,1010,54.24
OFF-BI-10001196,"Avery Flip-Chart Easel Binder, Black",239.47,2212223.7800000026,96.3,1011,54.3
OFF-PA-10004100,Xerox 216,238.46,2212462.2400000026,96.31,1012,54.35
OFF-BI-10003291,Wilson Jones Leather-Like Binders with DublLock Round Rings,238.33,2212700.5700000026,96.32,1013,54.4
OFF-PA-10000740,Xerox 1982,237.54,2212938.1100000027,96.33,1014,54.46
OFF-SU-10004498,Martin-Yale Premier Letter Opener,236.99,2213175.100000003,96.34,1015,54.51
FUR-FU-10000023,Eldon Wave Desk Accessories,236.78,2213411.8800000027,96.35,1016,54.56
OFF-ST-10002444,Recycled Eldon Regeneration Jumbo File,235.78,2213647.6600000025,96.36,1017,54.62
OFF-LA-10004545,Avery 50,235.56,2213883.2200000025,96.37,1018,54.67
OFF-BI-10001098,Acco D-Ring Binder w/DublLock,235.18,2214118.4000000027,96.38,1019,54.73
FUR-FU-10004053,DAX Two-Tone Silver Metal Document Frame,234.78,2214353.1800000025,96.39,1020,54.78
OFF-AR-10004078,Newell 312,234.77,2214587.9500000025,96.4,1021,54.83
OFF-AP-10004249,Staple holder,234.61,2214822.5600000024,96.41,1022,54.89
TEC-PH-10001536,Spigen Samsung Galaxy S5 Case Wallet,234.46,2215057.0200000023,96.42,1023,54.94
OFF-AR-10004456,Panasonic KP-4ABK Battery-Operated Pencil Sharpener,234.24,2215291.2600000026,96.43,1024,54.99
TEC-AC-10002331,"Maxell 74 Minute CDR, 10/Pack",232.76,2215524.0200000023,96.44,1025,55.05
OFF-PA-10000501,Petty Cash Envelope,231.86,2215755.880000002,96.45,1026,55.1
OFF-ST-10001291,"Tenex Personal Self-Stacking Standard File Box, Black/Gray",229.98,2215985.860000002,96.46,1027,55.16
OFF-AP-10001962,Black & Decker Filter for Double Action Dustbuster Cordless Vac BLDV7210,229.89,2216215.7500000023,96.47,1028,55.21
OFF-AR-10003179,Dixon Ticonderoga Core-Lock Colored Pencils,229.57,2216445.320000002,96.48,1029,55.26
OFF-PA-10004665,Advantus Motivational Note Cards,227.94,2216673.260000002,96.49,1030,55.32
OFF-PA-10002713,"Adams Phone Message Book, 200 Message Capacity, 8 1/16” x 11”",227.04,2216900.300000002,96.5,1031,55.37
OFF-ST-10002352,Iris Project Case,225.04,2217125.340000002,96.51,1032,55.42
OFF-FA-10002280,Advantus Plastic Paper Clips,225.0,2217350.340000002,96.52,1033,55.48
TEC-MA-10003589,Cisco 8961 IP Phone Charcoal,224.94,2217575.280000002,96.53,1034,55.53
OFF-ST-10004258,Portable Personal File Box,224.66,2217799.9400000023,96.54,1035,55.59
TEC-PH-10000127,iOttie XL Car Mount,223.89,2218023.8300000024,96.55,1036,55.64
OFF-PA-10004082,"Adams Telephone Message Book w/Frequently-Called Numbers Space, 400 Messages per Book",223.44,2218247.2700000023,96.56,1037,55.69
OFF-PA-10001166,Xerox 1932,222.43,2218469.7000000025,96.57,1038,55.75
OFF-AR-10003478,"Avery Hi-Liter EverBold Pen Style Fluorescent Highlighters, 4/Pack",219.78,2218689.4800000023,96.58,1039,55.8
FUR-FU-10001940,Staple-based wall hangings,219.7,2218909.1800000025,96.59,1040,55.85
OFF-ST-10002562,Staple magnet,219.49,2219128.6700000027,96.6,1041,55.91
OFF-ST-10003996,"Letter/Legal File Tote with Clear Snap-On Lid, Black Granite",218.42,2219347.0900000026,96.61,1042,55.96
OFF-PA-10000575,"Wirebound Message Books, Four 2 3/4 x 5 White Forms per Page",218.09,2219565.1800000025,96.62,1043,56.02
OFF-SU-10004261,"Fiskars 8"" Scissors, 2/Pack",217.22,2219782.4000000027,96.63,1044,56.07
TEC-PH-10000169,ARKON Windshield Dashboard Air Vent Car Mount Holder,216.96,2219999.3600000027,96.64,1045,56.12
FUR-FU-10001085,3M Polarizing Light Filter Sleeves,216.34,2220215.7000000025,96.65,1046,56.18
FUR-FU-10002445,"DAX Two-Tone Rosewood/Black Document Frame, Desktop, 5 x 7",216.14,2220431.8400000026,96.66,1047,56.23
TEC-PH-10002583,iOttie HLCRIO102 Car Mount,215.89,2220647.730000003,96.67,1048,56.28
OFF-PA-10001972,Xerox 214,215.14,2220862.870000003,96.68,1049,56.34
OFF-BI-10003910,DXL Angle-View Binders with Locking Rings by Samsill,215.11,2221077.980000003,96.69,1050,56.39
OFF-BI-10004654,Avery Binding System Hidden Tab Executive Style Index Sets,214.57,2221292.5500000026,96.7,1051,56.44
TEC-PH-10001949,Cisco SPA 501G IP Phone,213.48,2221506.0300000026,96.7,1052,56.5
OFF-PA-10004156,Xerox 188,213.19,2221719.2200000025,96.71,1053,56.55
OFF-BI-10004781,GBC Wire Binding Strips,212.66,2221931.8800000027,96.72,1054,56.61
OFF-BI-10004728,Wilson Jones Turn Tabs Binder Tool for Ring Binders,212.08,2222143.9600000028,96.73,1055,56.66
OFF-EN-10000461,"#10- 4 1/8"" x 9 1/2"" Recycled Envelopes",211.51,2222355.4700000025,96.74,1056,56.71
FUR-FU-10003464,"Seth Thomas 8 1/2"" Cubicle Clock",210.91,2222566.3800000027,96.75,1057,56.77
OFF-PA-10000019,Xerox 1931,209.95,2222776.330000003,96.76,1058,56.82
OFF-AR-10001468,"Sanford Prismacolor Professional Thick Lead Art Pencils, 36-Color Set",209.66,2222985.990000003,96.77,1059,56.87
OFF-AR-10002445,SANFORD Major Accent Highlighters,209.57,2223195.560000003,96.78,1060,56.93
OFF-BI-10001036,Cardinal EasyOpen D-Ring Binders,209.31,2223404.870000003,96.79,1061,56.98
OFF-BI-10001636,Ibico Plastic and Wire Spiral Binding Combs,208.22,2223613.090000003,96.8,1062,57.04
OFF-ST-10000352,Acco Perma 2700 Stacking Storage Drawers,208.18,2223821.2700000033,96.81,1063,57.09
TEC-AC-10001998,Logitech LS21 Speaker System - PC Multimedia - 2.1-CH - Wired,207.9,2224029.170000003,96.81,1064,57.14
OFF-BI-10001575,GBC Linen Binding Covers,207.57,2224236.740000003,96.82,1065,57.2
FUR-CH-10002317,Global Enterprise Series Seating Low-Back Swivel/Tilt Chairs,207.18,2224443.920000003,96.83,1066,57.25
TEC-MA-10004521,Epson Perfection V600 Photo Scanner,206.99,2224650.9100000034,96.84,1067,57.3
OFF-BI-10004826,JM Magazine Binder,204.72,2224855.6300000036,96.85,1068,57.36
TEC-MA-10000423,Texas Instruments TI-34 Scientific Calculator,204.51,2225060.1400000034,96.86,1069,57.41
OFF-AP-10004785,"Holmes Replacement Filter for HEPA Air Cleaner, Medium Room",203.94,2225264.0800000033,96.87,1070,57.47
TEC-AC-10004992,Kingston Digital DataTraveler 64GB USB 2.0,202.68,2225466.7600000035,96.88,1071,57.52
FUR-FU-10004351,Staple-based wall hangings,202.59,2225669.3500000034,96.89,1072,57.57
TEC-PH-10004830,Pyle PRT45 Retro Home Telephone,201.57,2225870.920000003,96.89,1073,57.63
OFF-ST-10000885,Fellowes Desktop Hanging File Manager,201.45,2226072.3700000034,96.9,1074,57.68
OFF-PA-10003465,Xerox 1912,201.08,2226273.4500000034,96.91,1075,57.73
OFF-PA-10001950,Southworth 25% Cotton Antique Laid Paper & Envelopes,200.16,2226473.6100000036,96.92,1076,57.79
TEC-PH-10004071,PayAnywhere Card Reader,199.8,2226673.4100000034,96.93,1077,57.84
OFF-AP-10004036,Bionaire 99.97% HEPA Air Cleaner,199.73,2226873.1400000034,96.94,1078,57.89
OFF-EN-10003862,Laser & Ink Jet Business Envelopes,198.46,2227071.6000000034,96.95,1079,57.95
OFF-BI-10000050,"Angle-D Binders with Locking Rings, Label Holders",197.83,2227269.4300000034,96.96,1080,58.0
OFF-AR-10002818,Panasonic KP-310 Heavy-Duty Electric Pencil Sharpener,197.82,2227467.2500000033,96.96,1081,58.06
OFF-EN-10003567,"Inter-Office Recycled Envelopes, Brown Kraft, Button-String,10"" x 13"" , 100/Box",197.82,2227665.070000003,96.97,1082,58.11
TEC-PH-10000702,"Square Credit Card Reader, 4 1/2"" x 4 1/2"" x 1"", White",197.8,2227862.870000003,96.98,1083,58.16
OFF-AP-10003099,"Eureka Hand Vacuum, Bagless",197.72,2228060.590000003,96.99,1084,58.22
OFF-FA-10001883,"Alliance Super-Size Bands, Assorted Sizes",197.61,2228258.200000003,97.0,1085,58.27
OFF-BI-10000474,Avery Recycled Flexi-View Covers for Binding Systems,197.17,2228455.370000003,97.01,1086,58.32
OFF-PA-10002005,Xerox 225,196.99,2228652.360000003,97.02,1087,58.38
OFF-PA-10004911,"Rediform S.O.S. 1-Up Phone Message Bk, 4-1/4x3-1/16 Bk, 1 Form/Pg, 40 Messages/Bk, 3/Pk",196.98,2228849.340000003,97.02,1088,58.43
OFF-PA-10000249,Easy-staple paper,196.48,2229045.820000003,97.03,1089,58.49
OFF-AR-10001446,Newell 309,196.35,2229242.170000003,97.04,1090,58.54
FUR-FU-10003976,"DAX Executive Solid Wood Document Frame, Desktop or Hang, Mahogany, 5 x 7",196.25,2229438.420000003,97.05,1091,58.59
OFF-EN-10001539,Staple envelope,196.06,2229634.4800000032,97.06,1092,58.65
OFF-SU-10004231,Acme Tagit Stainless Steel Antibacterial Scissors,196.02,2229830.5000000033,97.07,1093,58.7
OFF-SU-10004884,Acme Galleria Hot Forged Steel Scissors with Colored Handles,195.05,2230025.550000003,97.08,1094,58.75
FUR-FU-10004245,"Career Cubicle Clock, 8 1/4"", Black",194.69,2230220.240000003,97.08,1095,58.81
TEC-AC-10003499,Memorex Mini Travel Drive 8 GB USB 2.0 Flash Drive,194.54,2230414.780000003,97.09,1096,58.86
FUR-FU-10004909,Contemporary Wood/Metal Frame,193.92,2230608.700000003,97.1,1097,58.92
OFF-ST-10003722,Project Tote Personal File,193.61,2230802.310000003,97.11,1098,58.97
OFF-FA-10003495,Staples,192.13,2230994.4400000027,97.12,1099,59.02
OFF-BI-10000174,"Wilson Jones Clip & Carry Folder Binder Tool for Ring Binders, Clear",191.98,2231186.4200000027,97.13,1100,59.08
OFF-PA-10001281,Computer Printout Paper with Letter-Trim Fine Perforations,191.6,2231378.020000003,97.13,1101,59.13
OFF-PA-10002245,Xerox 1895,191.36,2231569.3800000027,97.14,1102,59.18
OFF-BI-10002706,Avery Premier Heavy-Duty Binder with Round Locking Rings,191.35,2231760.730000003,97.15,1103,59.24
TEC-AC-10001101,Sony 16GB Class 10 Micro SDHC R40 Memory Card,190.77,2231951.500000003,97.16,1104,59.29
TEC-PH-10004774,Gear Head AU3700S Headset,189.65,2232141.1500000027,97.17,1105,59.34
TEC-PH-10002844,Speck Products Candyshell Flip Case,188.95,2232330.100000003,97.18,1106,59.4
OFF-PA-10003797,Xerox 209,187.92,2232518.020000003,97.18,1107,59.45
OFF-AP-10001366,Staple holder,186.66,2232704.680000003,97.19,1108,59.51
OFF-PA-10001457,White GlueTop Scratch Pads,186.5,2232891.180000003,97.2,1109,59.56
OFF-PA-10003724,"Wirebound Message Book, 4 per Page",184.62,2233075.800000003,97.21,1110,59.61
TEC-AC-10004633,"Verbatim 25 GB 6x Blu-ray Single Layer Recordable Disc, 3/Pack",184.54,2233260.340000003,97.22,1111,59.67
OFF-BI-10001617,GBC Wire Binding Combs,184.05,2233444.390000003,97.22,1112,59.72
OFF-BI-10004965,Ibico Covers for Plastic or Wire Binding Elements,184.0,2233628.390000003,97.23,1113,59.77
FUR-FU-10002364,"Eldon Expressions Wood Desk Accessories, Oak",183.02,2233811.410000003,97.24,1114,59.83
OFF-PA-10000312,Xerox 1955,182.72,2233994.130000003,97.25,1115,59.88
OFF-BI-10004209,"Fellowes Twister Kit, Gray/Clear, 3/pkg",182.51,2234176.640000003,97.26,1116,59.94
OFF-AR-10003752,Deluxe Chalkboard Eraser Cleaner,182.49,2234359.130000003,97.26,1117,59.99
OFF-PA-10004996,"Speediset Carbonless Redi-Letter 7"" x 8 1/2""",181.46,2234540.590000003,97.27,1118,60.04
OFF-AP-10003884,"Fellowes Smart Surge Ten-Outlet Protector, Platinum",180.66,2234721.2500000033,97.28,1119,60.1
OFF-ST-10001505,"Perma STOR-ALL Hanging File Box, 13 1/8""W x 12 1/4""D x 10 1/2""H",180.6,2234901.8500000034,97.29,1120,60.15
FUR-FU-10002703,"Tenex Traditional Chairmats for Hard Floors, Average Lip, 36"" x 48""",180.46,2235082.3100000033,97.3,1121,60.2
FUR-FU-10003691,"Eldon Image Series Desk Accessories, Ebony",180.31,2235262.6200000034,97.3,1122,60.26
TEC-MA-10003337,Okidata B401 Printer,179.99,2235442.6100000036,97.31,1123,60.31
OFF-ST-10001580,Super Decoflex Portable Personal File,179.76,2235622.3700000034,97.32,1124,60.37
OFF-SU-10004782,"Elite 5"" Scissors",179.14,2235801.5100000035,97.33,1125,60.42
OFF-BI-10002103,"Cardinal Slant-D Ring Binder, Heavy Gauge Vinyl",179.01,2235980.5200000033,97.34,1126,60.47
OFF-PA-10003848,Xerox 1997,178.85,2236159.3700000034,97.34,1127,60.53
OFF-PA-10001725,Xerox 1892,178.3,2236337.670000003,97.35,1128,60.58
OFF-LA-10002312,Avery 490,177.6,2236515.2700000033,97.36,1129,60.63
FUR-FU-10000221,"Master Caster Door Stop, Brown",176.78,2236692.050000003,97.37,1130,60.69
OFF-BI-10000014,Heavy-Duty E-Z-D Binders,176.74,2236868.7900000033,97.37,1131,60.74
FUR-FU-10004671,"Executive Impressions 12"" Wall Clock",176.7,2237045.4900000035,97.38,1132,60.79
OFF-ST-10000918,Crate-A-Files,176.58,2237222.0700000036,97.39,1133,60.85
OFF-EN-10002986,"#10-4 1/8"" x 9 1/2"" Premium Diagonal Seam Envelopes",176.29,2237398.3600000036,97.4,1134,60.9
OFF-LA-10001569,Avery 499,176.29,2237574.6500000036,97.4,1135,60.96
OFF-PA-10003172,Xerox 1996,176.26,2237750.9100000034,97.41,1136,61.01
OFF-EN-10002592,"Peel & Seel Recycled Catalog Envelopes, Brown",176.02,2237926.9300000034,97.42,1137,61.06
FUR-FU-10000010,"DAX Value U-Channel Document Frames, Easel Back",175.94,2238102.8700000034,97.43,1138,61.12
FUR-FU-10000448,Tenex Chairmats For Use With Carpeted Floors,175.78,2238278.650000003,97.44,1139,61.17
TEC-PH-10002070,Griffin GC36547 PowerJolt SE Lightning Charger,175.42,2238454.070000003,97.44,1140,61.22
OFF-BI-10001078,"Acco PRESSTEX Data Binder with Storage Hooks, Dark Blue, 14 7/8"" X 11""",175.39,2238629.460000003,97.45,1141,61.28
OFF-BI-10004002,Wilson Jones International Size A4 Ring Binders,174.73,2238804.190000003,97.46,1142,61.33
OFF-PA-10002160,Xerox 1978,174.56,2238978.7500000033,97.47,1143,61.39
TEC-AC-10004396,Logitech Keyboard K120,174.24,2239152.9900000035,97.47,1144,61.44
TEC-PH-10000376,Square Credit Card Reader,173.83,2239326.8200000036,97.48,1145,61.49
OFF-AR-10001860,BIC Liqua Brite Liner,173.5,2239500.3200000036,97.49,1146,61.55
OFF-PA-10000477,Xerox 1952,172.78,2239673.1000000034,97.5,1147,61.6
OFF-BI-10000320,GBC Plastic Binding Combs,172.69,2239845.7900000033,97.5,1148,61.65
OFF-AR-10001683,Lumber Crayons,171.39,2240017.1800000034,97.51,1149,61.71
OFF-AR-10003514,4009 Highlighters by Sanford,171.14,2240188.3200000036,97.52,1150,61.76
FUR-FU-10002396,"DAX Copper Panel Document Frame, 5 x 7 Size",171.09,2240359.4100000034,97.53,1151,61.82
OFF-PA-10001870,Xerox 202,171.07,2240530.4800000032,97.53,1152,61.87
OFF-AR-10004691,Boston 1730 StandUp Electric Pencil Sharpener,171.04,2240701.5200000033,97.54,1153,61.92
OFF-BI-10001249,Avery Heavy-Duty EZD View Binder with Locking Rings,170.98,2240872.5000000033,97.55,1154,61.98
TEC-AC-10004814,Logitech Illuminated Ultrathin Keyboard with Backlighting,170.97,2241043.4700000035,97.56,1155,62.03
OFF-AP-10000390,Euro Pro Shark Stick Mini Vacuum,170.74,2241214.2100000037,97.56,1156,62.08
FUR-FU-10002088,Nu-Dell Float Frame 11 x 14 1/2,170.62,2241384.830000004,97.57,1157,62.14
OFF-PA-10002764,Easy-staple paper,170.1,2241554.930000004,97.58,1158,62.19
OFF-PA-10001667,Great White Multi-Use Recycled Paper (20Lb. and 84 Bright),169.83,2241724.760000004,97.59,1159,62.24
OFF-PA-10004101,Xerox 1894,169.78,2241894.5400000038,97.59,1160,62.3
OFF-PA-10002968,Xerox 1973,169.02,2242063.560000004,97.6,1161,62.35
FUR-FU-10002671,Electrix 20W Halogen Replacement Bulb for Zoom-In Desk Lamp,168.84,2242232.4000000036,97.61,1162,62.41
FUR-FU-10001037,"DAX Charcoal/Nickel-Tone Document Frame, 5 x 7",168.74,2242401.140000004,97.61,1163,62.46
OFF-PA-10002195,"RSVP Cards & Envelopes, Blank White, 8-1/2"" X 11"", 24 Cards/25 Envelopes/Set",168.46,2242569.600000004,97.62,1164,62.51
OFF-AP-10000027,Hoover Commercial SteamVac,168.39,2242737.990000004,97.63,1165,62.57
OFF-LA-10004093,Avery 486,168.13,2242906.120000004,97.64,1166,62.62
FUR-FU-10002554,"Westinghouse Floor Lamp with Metal Mesh Shade, Black",167.93,2243074.050000004,97.64,1167,62.67
OFF-PA-10002666,Southworth 25% Cotton Linen-Finish Paper & Envelopes,166.7,2243240.750000004,97.65,1168,62.73
OFF-SU-10004664,Acme Softgrip Scissors,166.06,2243406.8100000042,97.66,1169,62.78
OFF-PA-10003651,Xerox 1968,165.66,2243572.4700000044,97.67,1170,62.84
OFF-BI-10000301,GBC Instant Report Kit,164.99,2243737.4600000046,97.67,1171,62.89
OFF-PA-10001804,Xerox 195,164.33,2243901.7900000047,97.68,1172,62.94
OFF-EN-10004459,Security-Tint Envelopes,163.5,2244065.2900000047,97.69,1173,63.0
FUR-FU-10004587,"GE General Use Halogen Bulbs, 100 Watts, 1 Bulb per Pack",163.33,2244228.620000005,97.69,1174,63.05
FUR-FU-10003849,"DAX Metal Frame, Desktop, Stepped-Edge",161.92,2244390.5400000047,97.7,1175,63.1
OFF-PA-10004041,"It's Hot Message Books with Stickers, 2 3/4"" x 5""",161.32,2244551.8600000045,97.71,1176,63.16
FUR-FU-10001487,"Eldon Expressions Wood and Plastic Desk Accessories, Cherry Wood",160.54,2244712.4000000046,97.72,1177,63.21
OFF-EN-10001099,Staple envelope,160.39,2244872.7900000047,97.72,1178,63.27
OFF-PA-10000726,"Black Print Carbonless Snap-Off Rapid Letter, 8 1/2"" x 7""",160.34,2245033.1300000045,97.73,1179,63.32
TEC-PH-10003535,RCA ViSYS 25423RE1 Corded phone,159.98,2245193.1100000045,97.74,1180,63.37
OFF-SU-10001664,Acme Office Executive Series Stainless Steel Trimmers,159.4,2245352.5100000044,97.74,1181,63.43
OFF-LA-10002043,Avery 489,159.39,2245511.9000000046,97.75,1182,63.48
FUR-FU-10000175,DAX Wood Document Frame.,159.27,2245671.1700000046,97.76,1183,63.53
FUR-FU-10004963,"Eldon 400 Class Desk Accessories, Black Carbon",159.25,2245830.4200000046,97.76,1184,63.59
FUR-FU-10003798,"Ultra Door Kickplate, 8""H x 34""W",158.24,2245988.660000005,97.77,1185,63.64
OFF-AP-10000326,Belkin 7 Outlet SurgeMaster Surge Protector with Phone Protection,157.92,2246146.5800000047,97.78,1186,63.69
OFF-AR-10004062,Staples in misc. colors,157.2,2246303.780000005,97.78,1187,63.75
OFF-BI-10004817,GBC Personal VeloBind Strips,156.94,2246460.720000005,97.79,1188,63.8
FUR-FU-10002157,Artistic Insta-Plaque,156.8,2246617.5200000047,97.8,1189,63.86
OFF-PA-10000300,Xerox 1936,155.84,2246773.3600000045,97.8,1190,63.91
FUR-FU-10003832,"Eldon Expressions Punched Metal & Wood Desk Accessories, Black & Cherry",155.71,2246929.0700000045,97.81,1191,63.96
OFF-PA-10002689,Weyerhaeuser First Choice Laser/Copy Paper (20Lb. and 88 Bright),155.52,2247084.5900000045,97.82,1192,64.02
FUR-FU-10000794,"Eldon Stackable Tray, Side-Load, Legal, Smoke",155.38,2247239.9700000044,97.83,1193,64.07
OFF-LA-10000414,Avery 503,155.25,2247395.2200000044,97.83,1194,64.12
OFF-PA-10000919,Xerox 1918,155.04,2247550.2600000044,97.84,1195,64.18
TEC-AC-10004877,Imation 30456 USB Flash Drive 8GB,154.56,2247704.8200000045,97.85,1196,64.23
FUR-FU-10002456,"Master Caster Door Stop, Large Neon Orange",154.34,2247859.1600000043,97.85,1197,64.29
OFF-LA-10002945,"Permanent Self-Adhesive File Folder Labels for Typewriters, 1 1/8 x 3 1/2, White",153.72,2248012.8800000045,97.86,1198,64.34
OFF-LA-10000240,Self-Adhesive Address Labels for Typewriters by Universal,153.51,2248166.3900000043,97.87,1199,64.39
OFF-BI-10001922,Storex Dura Pro Binders,153.25,2248319.6400000043,97.87,1200,64.45
OFF-SU-10000946,Staple remover,153.22,2248472.8600000045,97.88,1201,64.5
OFF-PA-10000174,"Message Book, Wirebound, Four 5 1/2"" X 4"" Forms/Pg., 200 Dupl. Sets/Book",152.14,2248625.0000000047,97.89,1202,64.55
FUR-FU-10003142,"Master Big Foot Doorstop, Beige",152.06,2248777.0600000047,97.89,1203,64.61
FUR-FU-10003424,Nu-Dell Oak Frame,151.66,2248928.720000005,97.9,1204,64.66
OFF-PA-10004888,Xerox 217,151.63,2249080.3500000047,97.91,1205,64.72
OFF-PA-10003591,Southworth 100% Cotton The Best Paper,151.54,2249231.890000005,97.91,1206,64.77
OFF-AP-10003266,"Holmes Replacement Filter for HEPA Air Cleaner, Large Room",151.06,2249382.950000005,97.92,1207,64.82
TEC-AC-10003614,"Verbatim 25 GB 6x Blu-ray Single Layer Recordable Disc, 10/Pack",150.67,2249533.620000005,97.92,1208,64.88
OFF-PA-10000061,Xerox 205,150.34,2249683.9600000046,97.93,1209,64.93
OFF-AP-10003281,Acco 6 Outlet Guardian Standard Surge Suppressor,149.92,2249833.8800000045,97.94,1210,64.98
OFF-PA-10001712,Xerox 1948,149.85,2249983.7300000046,97.94,1211,65.04
FUR-FU-10003731,"Eldon Expressions Wood and Plastic Desk Accessories, Oak",149.7,2250133.430000005,97.95,1212,65.09
OFF-AR-10002656,Sanford Liquid Accent Highlighters,149.63,2250283.0600000047,97.96,1213,65.15
FUR-FU-10002268,Ultra Door Push Plate,149.26,2250432.3200000045,97.96,1214,65.2
TEC-AC-10001635,KeyTronic KT400U2 - Keyboard - Black,148.03,2250580.3500000043,97.97,1215,65.25
TEC-PH-10003187,Anker Astro Mini 3000mAh Ultra-Compact Portable Charger,147.93,2250728.2800000045,97.98,1216,65.31
OFF-PA-10001934,Xerox 1993,147.74,2250876.0200000047,97.98,1217,65.36
OFF-AP-10004136,Kensington 6 Outlet SmartSocket Surge Protector,147.53,2251023.5500000045,97.99,1218,65.41
OFF-AP-10001303,"Holmes Cool Mist Humidifier for the Whole House with 8-Gallon Output per Day, Extended Life Filter",147.26,2251170.8100000042,98.0,1219,65.47
OFF-BI-10004970,"ACCOHIDE 3-Ring Binder, Blue, 1""",147.03,2251317.840000004,98.0,1220,65.52
OFF-BI-10000948,"GBC Laser Imprintable Binding System Covers, Desert Sand",146.98,2251464.820000004,98.01,1221,65.57
OFF-FA-10003112,Staples,146.75,2251611.570000004,98.02,1222,65.63
OFF-EN-10001219,"#10- 4 1/8"" x 9 1/2"" Security-Tint Envelopes",146.69,2251758.260000004,98.02,1223,65.68
OFF-PA-10004735,Xerox 1905,146.45,2251904.710000004,98.03,1224,65.74
FUR-FU-10000820,Tensor Brushed Steel Torchiere Floor Lamp,146.11,2252050.820000004,98.03,1225,65.79
OFF-AR-10004999,Newell 315,145.91,2252196.730000004,98.04,1226,65.84
OFF-ST-10004634,"Personal Folder Holder, Ebony",145.73,2252342.460000004,98.05,1227,65.9
FUR-FU-10000719,"DAX Cubicle Frames, 8-1/2 x 11",145.69,2252488.150000004,98.05,1228,65.95
OFF-PA-10001800,Xerox 220,145.15,2252633.300000004,98.06,1229,66.0
OFF-PA-10000143,Astroparche Fine Business Paper,144.67,2252777.970000004,98.07,1230,66.06
FUR-FU-10001967,Telescoping Adjustable Floor Lamp,143.93,2252921.900000004,98.07,1231,66.11
OFF-PA-10001639,Xerox 203,143.86,2253065.760000004,98.08,1232,66.17
OFF-BI-10002215,"Wilson Jones Hanging View Binder, White, 1""",143.42,2253209.180000004,98.08,1233,66.22
OFF-BI-10002982,Avery Self-Adhesive Photo Pockets for Polaroid Photos,143.01,2253352.1900000037,98.09,1234,66.27
OFF-PA-10002262,Xerox 192,142.56,2253494.7500000037,98.1,1235,66.33
OFF-BI-10004738,Flexible Leather- Look Classic Collection Ring Binder,142.05,2253636.8000000035,98.1,1236,66.38
OFF-BI-10000829,Avery Non-Stick Binders,141.88,2253778.6800000034,98.11,1237,66.43
OFF-BI-10001153,Ibico Recycled Grain-Textured Covers,141.61,2253920.2900000033,98.12,1238,66.49
OFF-PA-10004621,Xerox 212,141.26,2254061.550000003,98.12,1239,66.54
OFF-PA-10004983,Xerox 23,141.26,2254202.810000003,98.13,1240,66.6
OFF-AR-10003338,"Eberhard Faber 3 1/2"" Golf Pencils",139.87,2254342.680000003,98.13,1241,66.65
OFF-FA-10000621,"OIC Colored Binder Clips, Assorted Sizes",139.62,2254482.300000003,98.14,1242,66.7
OFF-FA-10000134,"Advantus Push Pins, Aluminum Head",139.44,2254621.740000003,98.15,1243,66.76
OFF-PA-10002479,Xerox 4200 Series MultiUse Premium Copy Paper (20Lb. and 84 Bright),139.39,2254761.130000003,98.15,1244,66.81
OFF-PA-10001184,Xerox 1903,138.74,2254899.8700000034,98.16,1245,66.86
OFF-PA-10002036,Xerox 1930,138.67,2255038.5400000033,98.16,1246,66.92
OFF-PA-10002250,Things To Do Today Pad,138.53,2255177.070000003,98.17,1247,66.97
OFF-AR-10003156,50 Colored Long Pencils,138.18,2255315.2500000033,98.18,1248,67.02
FUR-FU-10000771,"Eldon 200 Class Desk Accessories, Smoke",138.16,2255453.4100000034,98.18,1249,67.08
OFF-BI-10003694,"Avery 3 1/2"" Diskette Storage Pages, 10/Pack",137.81,2255591.2200000035,98.19,1250,67.13
OFF-BI-10003460,Acco 3-Hole Punch,137.53,2255728.7500000033,98.19,1251,67.19
FUR-FU-10001918,C-Line Cubicle Keepers Polyproplyene Holder With Velcro Backings,137.17,2255865.920000003,98.2,1252,67.24
OFF-LA-10004484,Avery 476,137.12,2256003.0400000033,98.21,1253,67.29
OFF-PA-10000246,Riverleaf Stik-Withit Designer Note Cubes,136.82,2256139.860000003,98.21,1254,67.35
OFF-BI-10003429,"Cardinal HOLDit! Binder Insert Strips,Extra Strips",136.73,2256276.590000003,98.22,1255,67.4
FUR-TA-10001691,"Barricks Non-Folding Utility Table with Steel Legs, Laminate Tops",136.46,2256413.050000003,98.22,1256,67.45
OFF-BI-10001072,"GBC Clear Cover, 8-1/2 x 11, unpunched, 25 covers per pack",136.44,2256549.490000003,98.23,1257,67.51
FUR-FU-10002597,"C-Line Magnetic Cubicle Keepers, Clear Polypropylene",136.34,2256685.830000003,98.24,1258,67.56
OFF-PA-10001593,Xerox 1947,136.34,2256822.1700000027,98.24,1259,67.62
OFF-SU-10003567,Stiletto Hand Letter Openers,136.32,2256958.4900000026,98.25,1260,67.67
TEC-AC-10004209,Memorex Froggy Flash Drive 4 GB,136.28,2257094.7700000023,98.25,1261,67.72
OFF-BI-10003476,Avery Metallic Poly Binders,135.8,2257230.570000002,98.26,1262,67.78
FUR-FU-10002960,"Eldon 200 Class Desk Accessories, Burgundy",135.65,2257366.220000002,98.27,1263,67.83
OFF-PA-10004451,Xerox 222,134.78,2257501.000000002,98.27,1264,67.88
OFF-BI-10004040,Wilson Jones Impact Binders,134.68,2257635.680000002,98.28,1265,67.94
OFF-BI-10004139,Fellowes Presentation Covers for Comb Binding Machines,133.86,2257769.540000002,98.28,1266,67.99
OFF-PA-10004285,Xerox 1959,133.6,2257903.140000002,98.29,1267,68.05
FUR-FU-10000732,Eldon 200 Class Desk Accessories,133.14,2258036.280000002,98.3,1268,68.1
TEC-PH-10004348,OtterBox Defender Series Case - iPhone 5c,133.13,2258169.410000002,98.3,1269,68.15
OFF-PA-10001838,"Adams Telephone Message Book W/Dividers/Space For Phone Numbers, 5 1/4""X8 1/2"", 300/Messages",132.89,2258302.300000002,98.31,1270,68.21
OFF-BI-10003712,"Acco Pressboard Covers with Storage Hooks, 14 7/8"" x 11"", Light Blue",131.1,2258433.4000000022,98.31,1271,68.26
TEC-MA-10003173,Hewlett-Packard 300S Scientific Calculator,131.1,2258564.5000000023,98.32,1272,68.31
OFF-PA-10000743,Xerox 1977,130.93,2258695.4300000025,98.32,1273,68.37
OFF-EN-10001990,Staple envelope,130.64,2258826.0700000026,98.33,1274,68.42
OFF-PA-10004040,Universal Premium White Copier/Laser Paper (20Lb. and 87 Bright),129.17,2258955.2400000026,98.34,1275,68.47
OFF-AP-10000252,Harmony HEPA Quiet Air Purifiers,128.7,2259083.9400000027,98.34,1276,68.53
OFF-FA-10000624,OIC Binder Clips,128.16,2259212.100000003,98.35,1277,68.58
OFF-AR-10001419,Newell 325,128.03,2259340.1300000027,98.35,1278,68.64
TEC-PH-10004700,PowerGen Dual USB Car Charger,127.87,2259468.000000003,98.36,1279,68.69
OFF-AR-10003504,Newell 347,127.54,2259595.540000003,98.36,1280,68.74
OFF-PA-10001534,Xerox 230,127.01,2259722.5500000026,98.37,1281,68.8
TEC-PH-10003875,KLD Oscar II Style Snap-on Ultra Thin Side Flip Synthetic Leather Cover Case for HTC One HTC M7,126.36,2259848.9100000025,98.37,1282,68.85
OFF-PA-10002893,"Wirebound Service Call Books, 5 1/2"" x 4""",125.84,2259974.7500000023,98.38,1283,68.9
FUR-FU-10001196,DAX Cubicle Frames - 8x10,125.79,2260100.5400000024,98.38,1284,68.96
OFF-BI-10004364,Storex Dura Pro Binders,125.33,2260225.8700000024,98.39,1285,69.01
OFF-EN-10001141,"Manila Recycled Extra-Heavyweight Clasp Envelopes, 6"" x 9""",125.17,2260351.0400000024,98.4,1286,69.07
TEC-AC-10001590,Dell Slim USB Multimedia Keyboard,125.0,2260476.0400000024,98.4,1287,69.12
OFF-PA-10002870,"Ampad Phone Message Book, Recycled, 400 Message Capacity, 5 ¾” x 11”",124.8,2260600.840000002,98.41,1288,69.17
FUR-FU-10000073,Deflect-O Glasstique Clear Desk Accessories,124.74,2260725.5800000024,98.41,1289,69.23
OFF-PA-10002606,Xerox 1928,124.61,2260850.1900000023,98.42,1290,69.28
FUR-FU-10000260,"6"" Cubicle Wall Clock, Black",124.59,2260974.780000002,98.42,1291,69.33
OFF-BI-10001900,"DXL Angle-View Binders with Locking Rings, Black",124.59,2261099.370000002,98.43,1292,69.39
OFF-AR-10003696,Panasonic KP-350BK Electric Pencil Sharpener with Auto Stop,124.49,2261223.860000002,98.43,1293,69.44
OFF-PA-10001937,Xerox 21,124.42,2261348.280000002,98.44,1294,69.5
OFF-AR-10003631,Staples in misc. colors,123.9,2261472.180000002,98.44,1295,69.55
OFF-AR-10001761,Avery Hi-Liter Smear-Safe Highlighters,123.81,2261595.990000002,98.45,1296,69.6
OFF-AR-10001374,"BIC Brite Liner Highlighters, Chisel Tip",123.12,2261719.110000002,98.46,1297,69.66
OFF-PA-10004438,Xerox 1907,122.8,2261841.910000002,98.46,1298,69.71
OFF-BI-10003708,"Acco Four Pocket Poly Ring Binder with Label Holder, Smoke, 1""",122.18,2261964.090000002,98.47,1299,69.76
OFF-PA-10000304,Xerox 1995,121.82,2262085.910000002,98.47,1300,69.82
OFF-PA-10001994,"Ink Jet Note and Greeting Cards, 8-1/2"" x 5-1/2"" Card Size",121.39,2262207.300000002,98.48,1301,69.87
OFF-LA-10002475,Avery 519,121.35,2262328.6500000022,98.48,1302,69.92
FUR-FU-10001867,"Eldon Expressions Punched Metal & Wood Desk Accessories, Pewter & Cherry",121.3,2262449.950000002,98.49,1303,69.98
OFF-AR-10004757,Crayola Colored Pencils,120.7,2262570.6500000022,98.49,1304,70.03
OFF-PA-10001569,Xerox 232,120.53,2262691.180000002,98.5,1305,70.09
OFF-PA-10002787,Xerox 227,120.53,2262811.710000002,98.5,1306,70.14
OFF-PA-10002246,"Wirebound Four 2-3/4 x 5 Forms per Page, 400 Sets per Book",119.97,2262931.680000002,98.51,1307,70.19
OFF-BI-10002072,Cardinal Slant-D Ring Binders,119.92,2263051.600000002,98.51,1308,70.25
FUR-BO-10002206,"Bush Saratoga Collection 5-Shelf Bookcase, Hanover Cherry, *Special Order",119.83,2263171.430000002,98.52,1309,70.3
FUR-FU-10004666,DAX Clear Channel Poster Frame,119.56,2263290.990000002,98.52,1310,70.35
TEC-PH-10000148,Cyber Acoustics AC-202b Speech Recognition Stereo Headset,119.51,2263410.500000002,98.53,1311,70.41
OFF-PA-10003883,"Message Book, Phone, Wirebound Standard Line Memo, 2 3/4"" X 5""",119.21,2263529.710000002,98.53,1312,70.46
OFF-AR-10000034,"BIC Brite Liner Grip Highlighters, Assorted, 5/Pack",118.72,2263648.430000002,98.54,1313,70.52
OFF-PA-10000349,Easy-staple paper,118.52,2263766.950000002,98.54,1314,70.57
OFF-AR-10000122,Newell 314,118.3,2263885.250000002,98.55,1315,70.62
OFF-BI-10001116,"Wilson Jones 1"" Hanging DublLock Ring Binders",117.74,2264002.990000002,98.55,1316,70.68
OFF-BI-10002799,"SlimView Poly Binder, 3/8""",117.59,2264120.580000002,98.56,1317,70.73
FUR-FU-10002553,"Electrix Incandescent Magnifying Lamp, Black",117.28,2264237.8600000017,98.57,1318,70.78
OFF-PA-10001471,Strathmore Photo Frame Cards,116.96,2264354.8200000017,98.57,1319,70.84
OFF-BI-10001097,Avery Hole Reinforcements,116.5,2264471.3200000017,98.58,1320,70.89
OFF-BI-10003981,"Avery Durable Plastic 1"" Binders",116.22,2264587.540000002,98.58,1321,70.95
OFF-PA-10000791,"Wirebound Message Books, Four 2 3/4 x 5 Forms per Page, 200 Sets per Book",115.43,2264702.970000002,98.59,1322,71.0
OFF-BI-10000404,Avery Printable Repositionable Plastic Tabs,115.24,2264818.2100000023,98.59,1323,71.05
FUR-FU-10001706,Longer-Life Soft White Bulbs,115.19,2264933.4000000022,98.6,1324,71.11
OFF-BI-10001634,Wilson Jones Active Use Binders,115.02,2265048.4200000023,98.6,1325,71.16
OFF-PA-10001526,Xerox 1949,114.54,2265162.9600000023,98.61,1326,71.21
OFF-PA-10000327,Xerox 1971,113.85,2265276.8100000024,98.61,1327,71.27
OFF-LA-10001613,Avery File Folder Labels,113.47,2265390.2800000026,98.62,1328,71.32
OFF-ST-10003327,Akro-Mils 12-Gallon Tote,113.2,2265503.480000003,98.62,1329,71.37
OFF-BI-10001757,Pressboard Hanging Data Binders for Unburst Sheets,112.67,2265616.1500000027,98.63,1330,71.43
OFF-PA-10000289,Xerox 213,111.46,2265727.6100000027,98.63,1331,71.48
OFF-AR-10002399,"Dixon Prang Watercolor Pencils, 10-Color Set with Brush",110.76,2265838.3700000024,98.63,1332,71.54
OFF-BI-10001553,SpineVue Locking Slant-D Ring Binders by Cardinal,110.59,2265948.9600000023,98.64,1333,71.59
OFF-BI-10002309,Avery Heavy-Duty EZD  Binder With Locking Rings,110.48,2266059.4400000023,98.64,1334,71.64
OFF-LA-10003766,Self-Adhesive Removable Labels,110.25,2266169.6900000023,98.65,1335,71.7
OFF-PA-10000520,Xerox 201,110.16,2266279.8500000024,98.65,1336,71.75
OFF-PA-10003072,"Eureka Recycled Copy Paper 8 1/2"" x 11"", Ream",110.16,2266390.0100000026,98.66,1337,71.8
OFF-PA-10003363,Xerox 204,110.16,2266500.1700000027,98.66,1338,71.86
OFF-BI-10002437,Recycled Premium Regency Composition Covers,110.02,2266610.1900000027,98.67,1339,71.91
OFF-PA-10001892,"Rediform Wirebound ""Phone Memo"" Message Book, 11 x 5-3/4",110.02,2266720.2100000028,98.67,1340,71.97
OFF-LA-10001934,Avery 516,109.65,2266829.8600000027,98.68,1341,72.02
OFF-PA-10004569,"Wirebound Message Books, Two 4 1/4"" x 5"" Forms per Page",109.58,2266939.4400000027,98.68,1342,72.07
OFF-PA-10003893,Xerox 1962,109.57,2267049.0100000026,98.69,1343,72.13
FUR-FU-10001546,Dana Swing-Arm Lamps,108.94,2267157.9500000025,98.69,1344,72.18
OFF-EN-10002312,#10 Self-Seal White Envelopes,108.68,2267266.6300000027,98.7,1345,72.23
OFF-BI-10001308,GBC Standard Plastic Binding Systems' Combs,108.64,2267375.270000003,98.7,1346,72.29
OFF-PA-10001745,"Wirebound Message Books, 2 7/8"" x 5"", 3 Forms per Page",108.42,2267483.6900000027,98.71,1347,72.34
FUR-FU-10003194,"Eldon Expressions Desk Accessory, Wood Pencil Holder, Oak",108.08,2267591.770000003,98.71,1348,72.4
FUR-FU-10001935,3M Hangers With Command Adhesive,108.04,2267699.810000003,98.72,1349,72.45
TEC-AC-10001090,Micro Innovations Wireless Classic Keyboard with Mouse,107.96,2267807.770000003,98.72,1350,72.5
TEC-AC-10001542,SanDisk Cruzer 16 GB USB Flash Drive,107.91,2267915.680000003,98.73,1351,72.56
OFF-AP-10002222,Staple holder,107.51,2268023.1900000027,98.73,1352,72.61
OFF-PA-10002615,"Ampad Gold Fibre Wirebound Steno Books, 6"" x 9"", Gregg Ruled",106.72,2268129.910000003,98.73,1353,72.66
OFF-LA-10001641,Avery 518,106.47,2268236.380000003,98.74,1354,72.72
OFF-PA-10002464,HP Office Recycled Paper (20Lb. and 87 Bright),106.35,2268342.7300000032,98.74,1355,72.77
OFF-PA-10000587,"Array Parchment Paper, Assorted Colors",106.29,2268449.0200000033,98.75,1356,72.82
OFF-AP-10003278,Belkin 7-Outlet SurgeMaster Home Series,106.17,2268555.190000003,98.75,1357,72.88
OFF-BI-10003305,Avery Hanging File Binders,105.85,2268661.0400000033,98.76,1358,72.93
OFF-PA-10004610,Xerox 1900,105.29,2268766.3300000033,98.76,1359,72.99
TEC-AC-10002134,Rosewill 107 Normal Keys USB Wired Standard Keyboard,105.14,2268871.4700000035,98.77,1360,73.04
OFF-PA-10003309,Xerox 211,104.98,2268976.4500000034,98.77,1361,73.09
TEC-PH-10003442,Samsung Replacement EH64AVFWE Premium Headset,104.5,2269080.9500000034,98.78,1362,73.15
TEC-AC-10003237,Memorex Micro Travel Drive 4 GB,103.88,2269184.8300000033,98.78,1363,73.2
OFF-PA-10003256,Avery Personal Creations Heavyweight Cards,103.86,2269288.690000003,98.78,1364,73.25
OFF-BI-10000343,"Pressboard Covers with Storage Hooks, 9 1/2"" x 11"", Light Blue",102.62,2269391.3100000033,98.79,1365,73.31
OFF-AR-10000914,Boston 16765 Mini Stand Up Battery Pencil Sharpener,102.61,2269493.920000003,98.79,1366,73.36
OFF-PA-10000069,"TOPS 4 x 6 Fluorescent Color Memo Sheets, 500 Sheets per Pack",102.49,2269596.4100000034,98.8,1367,73.42
OFF-BI-10002071,Fellowes Black Plastic Comb Bindings,102.26,2269698.670000003,98.8,1368,73.47
OFF-SU-10004661,Acme Titanium Bonded Scissors,102.0,2269800.670000003,98.81,1369,73.52
TEC-MA-10002694,Hewlett-Packard Deskjet F4180 All-in-One Color Ink-jet - Printer / copier / scanner,101.99,2269902.6600000034,98.81,1370,73.58
FUR-FU-10003095,"Linden 12"" Wall Clock With Oak Frame",101.94,2270004.6000000034,98.82,1371,73.63
OFF-PA-10002586,Xerox 1970,101.59,2270106.190000003,98.82,1372,73.68
OFF-AR-10003560,Zebra Zazzle Fluorescent Highlighters,100.93,2270207.1200000034,98.82,1373,73.74
OFF-BI-10002412,Wilson Jones “Snap” Scratch Pad Binder Tool for Ring Binders,100.92,2270308.0400000033,98.83,1374,73.79
OFF-EN-10001028,Staple envelope,100.63,2270408.670000003,98.83,1375,73.85
OFF-BI-10003963,Cardinal Holdit Data Disk Pockets,100.46,2270509.130000003,98.84,1376,73.9
OFF-BI-10001758,Wilson Jones 14 Line Acrylic Coated Pressboard Data Binders,100.39,2270609.5200000033,98.84,1377,73.95
OFF-PA-10000210,Xerox Blank Computer Paper,99.9,2270709.420000003,98.85,1378,74.01
OFF-BI-10002571,"Avery Framed View Binder, EZD Ring (Locking), Navy, 1 1/2""",99.8,2270809.220000003,98.85,1379,74.06
OFF-BI-10001031,Pressboard Data Binders by Wilson Jones,99.32,2270908.540000003,98.86,1380,74.11
OFF-ST-10003572,Portfile Personal File Boxes,99.12,2271007.660000003,98.86,1381,74.17
OFF-PA-10004675,"Telephone Message Books with Fax/Mobile Section, 5 1/2"" x 3 3/16""",99.06,2271106.720000003,98.86,1382,74.22
FUR-FU-10000409,"GE 4 Foot Flourescent Tube, 40 Watt",98.87,2271205.590000003,98.87,1383,74.27
OFF-PA-10003177,Xerox 1999,98.5,2271304.090000003,98.87,1384,74.33
FUR-FU-10003919,Eldon Executive Woodline II Cherry Finish Desk Accessories,98.14,2271402.2300000032,98.88,1385,74.38
FUR-FU-10002030,"Executive Impressions 14"" Contract Wall Clock with Quartz Movement",97.81,2271500.0400000033,98.88,1386,74.44
OFF-SU-10000952,Fiskars Home & Office Scissors,97.68,2271597.7200000035,98.89,1387,74.49
OFF-PA-10004255,Xerox 219,97.2,2271694.9200000037,98.89,1388,74.54
OFF-PA-10004782,Xerox 228,97.2,2271792.120000004,98.89,1389,74.6
OFF-LA-10000305,Avery 495,97.02,2271889.140000004,98.9,1390,74.65
OFF-AR-10003056,Newell 341,96.73,2271985.870000004,98.9,1391,74.7
OFF-BI-10002432,Wilson Jones Standard D-Ring Binders,96.65,2272082.5200000037,98.91,1392,74.76
TEC-AC-10000290,Sabrent 4-Port USB 2.0 Hub,96.42,2272178.9400000037,98.91,1393,74.81
FUR-FU-10001424,Dax Clear Box Frame,96.03,2272274.9700000035,98.91,1394,74.87
OFF-AR-10003405,"Dixon My First Ticonderoga Pencil, #2",95.94,2272370.9100000034,98.92,1395,74.92
OFF-PA-10000029,Xerox 224,95.9,2272466.8100000033,98.92,1396,74.97
OFF-PA-10000788,Xerox 210,95.9,2272562.710000003,98.93,1397,75.03
OFF-PA-10003349,Xerox 1957,95.9,2272658.610000003,98.93,1398,75.08
OFF-LA-10003148,Avery 51,95.76,2272754.370000003,98.94,1399,75.13
OFF-LA-10000407,Avery White Multi-Purpose Labels,95.62,2272849.990000003,98.94,1400,75.19
OFF-SU-10001165,Acme Elite Stainless Steel Scissors,95.08,2272945.070000003,98.94,1401,75.24
OFF-AR-10004269,Newell 31,94.99,2273040.0600000033,98.95,1402,75.3
OFF-AR-10000716,DIXON Ticonderoga Erasable Checking Pencils,94.86,2273134.920000003,98.95,1403,75.35
OFF-PA-10002947,Xerox 1923,94.86,2273229.780000003,98.96,1404,75.4
OFF-BI-10000756,Storex DuraTech Recycled Plastic Frosted Binders,94.13,2273323.910000003,98.96,1405,75.46
FUR-FU-10001731,Acrylic Self-Standing Desk Frames,93.98,2273417.890000003,98.96,1406,75.51
OFF-LA-10001771,Avery 513,93.62,2273511.510000003,98.97,1407,75.56
FUR-FU-10000755,Eldon Expressions Mahogany Wood Desk Collection,93.6,2273605.110000003,98.97,1408,75.62
FUR-FU-10002506,"Tensor ""Hersey Kiss"" Styled Floor Lamp",93.53,2273698.640000003,98.98,1409,75.67
OFF-PA-10001001,"Snap-A-Way Black Print Carbonless Speed Message, No Reply Area, Duplicate",93.25,2273791.890000003,98.98,1410,75.73
OFF-EN-10002600,"Redi-Strip #10 Envelopes, 4 1/8 x 9 1/2",93.22,2273885.110000003,98.99,1411,75.78
OFF-AR-10003829,Newell 35,93.15,2273978.260000003,98.99,1412,75.83
OFF-FA-10002780,Staples,92.98,2274071.240000003,98.99,1413,75.89
OFF-BI-10002557,Presstex Flexible Ring Binders,92.82,2274164.060000003,99.0,1414,75.94
OFF-PA-10003845,Xerox 1987,92.48,2274256.540000003,99.0,1415,75.99
OFF-PA-10004971,Xerox 196,92.48,2274349.020000003,99.01,1416,76.05
OFF-FA-10000585,OIC Bulk Pack Metal Binder Clips,92.14,2274441.160000003,99.01,1417,76.1
OFF-BI-10000138,Acco Translucent Poly Ring Binders,91.73,2274532.890000003,99.01,1418,76.15
OFF-AP-10004868,Hoover Commercial Soft Guard Upright Vacuum And Disposable Filtration Bags,91.69,2274624.580000003,99.02,1419,76.21
OFF-ST-10000321,Akro Stacking Bins,91.52,2274716.100000003,99.02,1420,76.26
TEC-MA-10003493,Penpower WorldCard Pro Card Scanner,91.47,2274807.570000003,99.03,1421,76.32
OFF-BI-10000605,"Acco Pressboard Covers with Storage Hooks, 9 1/2"" x 11"", Executive Red",91.44,2274899.010000003,99.03,1422,76.37
OFF-LA-10002195,Avery 481,91.17,2274990.180000003,99.03,1423,76.42
FUR-BO-10001567,"Bush Westfield Collection Bookcases, Dark Cherry Finish, Fully Assembled",90.88,2275081.060000003,99.04,1424,76.48
OFF-SU-10002503,Acme Preferred Stainless Steel Scissors,90.88,2275171.9400000027,99.04,1425,76.53
OFF-AR-10003158,Fluorescent Highlighters by Dixon,90.74,2275262.680000003,99.05,1426,76.58
OFF-LA-10000121,Avery 48,90.72,2275353.400000003,99.05,1427,76.64
OFF-BI-10003727,Avery Durable Slant Ring Binders With Label Holder,90.71,2275444.110000003,99.05,1428,76.69
OFF-AR-10003045,Prang Colored Pencils,90.55,2275534.660000003,99.06,1429,76.75
OFF-PA-10002709,Xerox 1956,89.7,2275624.360000003,99.06,1430,76.8
OFF-PA-10002751,Xerox 1920,89.7,2275714.0600000033,99.06,1431,76.85
OFF-BI-10003274,"Avery Durable Slant Ring Binders, No Labels",89.55,2275803.610000003,99.07,1432,76.91
OFF-PA-10002365,Xerox 1967,89.42,2275893.030000003,99.07,1433,76.96
OFF-LA-10002787,Avery 480,89.25,2275982.280000003,99.08,1434,77.01
OFF-SU-10004737,Acme Design Stainless Steel Bent Scissors,88.92,2276071.200000003,99.08,1435,77.07
OFF-AR-10004685,"Binney & Smith Crayola Metallic Colored Pencils, 8-Color Set",88.9,2276160.100000003,99.08,1436,77.12
OFF-LA-10002034,Avery 478,88.38,2276248.480000003,99.09,1437,77.18
OFF-AR-10000817,Manco Dry-Lighter Erasable Highlighter,88.16,2276336.640000003,99.09,1438,77.23
OFF-PA-10001260,"TOPS Money Receipt Book, Consecutively Numbered in Red,",88.11,2276424.750000003,99.1,1439,77.28
TEC-AC-10002018,AmazonBasics 3-Button USB Wired Mouse,88.07,2276512.8200000026,99.1,1440,77.34
OFF-EN-10003448,"Peel & Seel Recycled Catalog Envelopes, Brown",88.01,2276600.8300000024,99.1,1441,77.39
OFF-AP-10003622,"Bravo II Megaboss 12-Amp Hard Body Upright, Replacement Belts, 2 Belts per Pack",87.75,2276688.5800000024,99.11,1442,77.44
OFF-FA-10002763,Advantus Map Pennant Flags and Round Head Tacks,87.69,2276776.2700000023,99.11,1443,77.5
OFF-BI-10003355,Cardinal Holdit Business Card Pockets,87.65,2276863.9200000023,99.11,1444,77.55
FUR-FU-10004020,Advantus Panel Wall Acrylic Frame,87.52,2276951.4400000023,99.12,1445,77.6
OFF-LA-10003223,Avery 508,87.4,2277038.840000002,99.12,1446,77.66
OFF-BI-10000546,Avery Durable Binders,87.26,2277126.100000002,99.13,1447,77.71
OFF-PA-10001461,HP Office Paper (20Lb. and 87 Bright),86.84,2277212.940000002,99.13,1448,77.77
OFF-AR-10003732,Newell 333,86.74,2277299.680000002,99.13,1449,77.82
OFF-AR-10004441,BIC Brite Liner Highlighters,86.11,2277385.790000002,99.14,1450,77.87
OFF-AR-10000411,Boston 16701 Slimline Battery Pencil Sharpener,86.08,2277471.870000002,99.14,1451,77.93
OFF-BI-10004410,"C-Line Peel & Stick Add-On Filing Pockets, 8-3/4 x 5-1/8, 10/Pack",86.0,2277557.870000002,99.14,1452,77.98
OFF-BI-10002949,Prestige Round Ring Binders,85.73,2277643.600000002,99.15,1453,78.03
OFF-PA-10000295,Xerox 229,85.54,2277729.140000002,99.15,1454,78.09
OFF-PA-10003001,Xerox 1986,85.5,2277814.640000002,99.16,1455,78.14
OFF-BI-10000279,"Acco Recycled 2"" Capacity Laser Printer Hanging Data Binders",85.26,2277899.900000002,99.16,1456,78.2
OFF-LA-10003720,Avery 487,84.87,2277984.770000002,99.16,1457,78.25
FUR-FU-10004712,"Westinghouse Mesh Shade Clip-On Gooseneck Lamp, Black",84.84,2278069.6100000017,99.17,1458,78.3
FUR-FU-10002885,Magna Visual Magnetic Picture Hangers,84.83,2278154.440000002,99.17,1459,78.36
OFF-PA-10003270,Xerox 1954,84.48,2278238.920000002,99.17,1460,78.41
OFF-LA-10004689,Avery 512,84.39,2278323.310000002,99.18,1461,78.46
OFF-PA-10000223,Xerox 2000,84.24,2278407.550000002,99.18,1462,78.52
OFF-PA-10000552,Xerox 200,84.24,2278491.7900000024,99.19,1463,78.57
OFF-AR-10000475,"Hunt BOSTON Vista Battery-Operated Pencil Sharpener, Black",83.95,2278575.7400000026,99.19,1464,78.63
TEC-PH-10000004,Belkin iPhone and iPad Lightning Cable,83.94,2278659.6800000025,99.19,1465,78.68
OFF-AP-10002287,"Eureka Sanitaire  Multi-Pro Heavy-Duty Upright, Disposable Bags",83.9,2278743.5800000024,99.2,1466,78.73
OFF-PA-10000533,Southworth Parchment Paper & Envelopes,83.71,2278827.2900000024,99.2,1467,78.79
OFF-LA-10004853,Avery 483,83.66,2278910.9500000025,99.2,1468,78.84
FUR-FU-10003096,"Master Giant Foot Doorstop, Safety Yellow",83.49,2278994.4400000027,99.21,1469,78.89
TEC-AC-10002857,"Verbatim 25 GB 6x Blu-ray Single Layer Recordable Disc, 1/Pack",83.44,2279077.8800000027,99.21,1470,78.95
OFF-AR-10000390,Newell Chalk Holder,83.43,2279161.310000003,99.21,1471,79.0
OFF-BI-10003669,3M Organizer Strips,83.16,2279244.470000003,99.22,1472,79.05
OFF-BI-10002827,Avery Durable Poly Binders,82.95,2279327.420000003,99.22,1473,79.11
FUR-FU-10000320,OIC Stacking Trays,82.83,2279410.2500000033,99.23,1474,79.16
OFF-AR-10002375,Newell 351,82.66,2279492.9100000034,99.23,1475,79.22
OFF-PA-10004733,Things To Do Today Spiral Book,82.37,2279575.2800000035,99.23,1476,79.27
OFF-PA-10001952,Xerox 1902,82.22,2279657.5000000037,99.24,1477,79.32
OFF-BI-10000145,Zipper Ring Binder Pockets,81.74,2279739.240000004,99.24,1478,79.38
OFF-AR-10002053,"Premium Writing Pencils, Soft, #2 by Central Association for the Blind",81.65,2279820.890000004,99.24,1479,79.43
OFF-SU-10004115,Acme Stainless Steel Office Snips,81.42,2279902.310000004,99.25,1480,79.48
OFF-AR-10000634,Newell 320,81.32,2279983.6300000036,99.25,1481,79.54
FUR-FU-10004586,G.E. Longer-Life Indoor Recessed Floodlight Bulbs,81.01,2280064.6400000034,99.25,1482,79.59
OFF-AR-10001149,"Avery Hi-Liter Comfort Grip Fluorescent Highlighter, Yellow Ink",80.95,2280145.5900000036,99.26,1483,79.65
OFF-PA-10001560,"Adams Telephone Message Books, 5 1/4” x 11”",80.94,2280226.5300000035,99.26,1484,79.7
TEC-AC-10000521,"Verbatim Slim CD and DVD Storage Cases, 50/Pack",80.78,2280307.3100000033,99.26,1485,79.75
OFF-AR-10003602,"Quartet Omega Colored Chalk, 12/Pack",80.59,2280387.900000003,99.27,1486,79.81
OFF-BI-10003314,Tuff Stuff Recycled Round Ring Binders,80.49,2280468.3900000034,99.27,1487,79.86
OFF-PA-10004609,Xerox 221,80.35,2280548.7400000035,99.28,1488,79.91
OFF-SU-10001225,Staple remover,80.22,2280628.9600000037,99.28,1489,79.97
OFF-AR-10001246,Newell 317,79.97,2280708.930000004,99.28,1490,80.02
OFF-ST-10001034,Eldon File Chest Portable File,79.4,2280788.330000004,99.29,1491,80.08
TEC-PH-10002185,QVS USB Car Charger 2-Port 2.1Amp for iPod/iPhone/iPad/iPad 2/iPad 3,79.23,2280867.560000004,99.29,1492,80.13
OFF-PA-10001293,Xerox 1946,79.06,2280946.620000004,99.29,1493,80.18
OFF-PA-10004355,Xerox 231,79.06,2281025.680000004,99.3,1494,80.24
OFF-LA-10003190,Avery 474,78.34,2281104.0200000037,99.3,1495,80.29
OFF-EN-10002621,Staple envelope,78.24,2281182.260000004,99.3,1496,80.34
OFF-ST-10002957,Sterilite Show Offs Storage Containers,78.14,2281260.400000004,99.31,1497,80.4
OFF-BI-10001890,Avery Poly Binder Pockets,78.04,2281338.440000004,99.31,1498,80.45
OFF-EN-10004955,Fashion Color Clasp Envelopes,77.9,2281416.340000004,99.31,1499,80.5
OFF-AR-10001988,Bulldog Table or Wall-Mount Pencil Sharpener,77.87,2281494.210000004,99.32,1500,80.56
OFF-PA-10001801,Xerox 193,77.74,2281571.9500000044,99.32,1501,80.61
OFF-FA-10004395,Plymouth Boxed Rubber Bands by Plymouth,77.24,2281649.1900000046,99.32,1502,80.67
OFF-FA-10002975,Staples,77.11,2281726.3000000045,99.33,1503,80.72
OFF-PA-10001215,Xerox 1963,77.09,2281803.3900000043,99.33,1504,80.77
OFF-PA-10000466,"Memo Book, 100 Message Capacity, 5 3/8” x 11”",76.84,2281880.230000004,99.33,1505,80.83
OFF-SU-10001574,Acme Value Line Scissors,76.65,2281956.880000004,99.34,1506,80.88
OFF-PA-10003936,Xerox 1994,76.46,2282033.340000004,99.34,1507,80.93
OFF-PA-10002259,"Geographics Note Cards, Blank, White, 8 1/2"" x 11""",76.09,2282109.430000004,99.34,1508,80.99
OFF-AR-10000255,Newell 328,75.92,2282185.350000004,99.35,1509,81.04
OFF-PA-10000213,Xerox 198,75.7,2282261.050000004,99.35,1510,81.1
OFF-AR-10001662,Rogers Handheld Barrel Pencil Sharpener,75.62,2282336.670000004,99.35,1511,81.15
OFF-SU-10002557,Fiskars Spring-Action Scissors,75.49,2282412.1600000043,99.36,1512,81.2
TEC-PH-10003356,"SmartStand Mobile Device Holder, Assorted Colors",75.49,2282487.6500000046,99.36,1513,81.26
OFF-BI-10004140,Avery Non-Stick Binders,75.43,2282563.0800000047,99.36,1514,81.31
OFF-AR-10001221,"Dixon Ticonderoga Erasable Colored Pencil Set, 12-Color",75.35,2282638.430000005,99.37,1515,81.36
OFF-AR-10001954,Newell 331,75.31,2282713.740000005,99.37,1516,81.42
OFF-EN-10000781,"#10- 4 1/8"" x 9 1/2"" Recycled Envelopes",75.16,2282788.900000005,99.37,1517,81.47
TEC-AC-10000387,KeyTronic KT800P2 - Keyboard - Black,75.1,2282864.000000005,99.38,1518,81.53
OFF-PA-10001609,Tops Wirebound Message Log Books,73.7,2282937.7000000053,99.38,1519,81.58
OFF-BI-10000285,XtraLife ClearVue Slant-D Ring Binders by Cardinal,72.91,2283010.6100000055,99.38,1520,81.63
OFF-PA-10003016,"Adams ""While You Were Out"" Message Pads",72.85,2283083.4600000056,99.39,1521,81.69
OFF-BI-10001267,"Universal Recycled Hanging Pressboard Report Binders, Letter Size",72.81,2283156.2700000056,99.39,1522,81.74
OFF-PA-10004734,Southworth Structures Collection,72.8,2283229.0700000054,99.39,1523,81.79
FUR-FU-10000550,Stacking Trays by OIC,72.71,2283301.7800000054,99.39,1524,81.85
OFF-PA-10002749,"Wirebound Message Books, 5-1/2 x 4 Forms, 2 or 4 Forms per Page",72.25,2283374.0300000054,99.4,1525,81.9
OFF-BI-10002003,Ibico Presentation Index for Binding Systems,72.04,2283446.0700000054,99.4,1526,81.95
TEC-MA-10003329,"Vtech AT&T CL2940 Corded Speakerphone, Black",71.98,2283518.0500000054,99.4,1527,82.01
OFF-BI-10001679,GBC Instant Index System for Binding Systems,71.93,2283589.9800000056,99.41,1528,82.06
OFF-EN-10003068,#6 3/4 Gummed Flap White Envelopes,71.28,2283661.2600000054,99.41,1529,82.12
OFF-LA-10001982,Smead Alpha-Z Color-Coded Name Labels First Letter Starter Set,71.25,2283732.5100000054,99.41,1530,82.17
OFF-PA-10000528,Xerox 1981,70.75,2283803.2600000054,99.42,1531,82.22
OFF-PA-10000807,"TOPS ""Important Message"" Pads, Canary, 4-1/4 x 5-1/2, 50 Sheets per Pad",70.19,2283873.4500000053,99.42,1532,82.28
OFF-PA-10000232,Xerox 1975,69.98,2283943.4300000053,99.42,1533,82.33
OFF-BI-10002764,Recycled Pressboard Report Cover with Reinforced Top Hinge,69.77,2284013.2000000053,99.43,1534,82.38
OFF-FA-10001561,Stockwell Push Pins,69.76,2284082.960000005,99.43,1535,82.44
OFF-PA-10001846,Xerox 1899,69.36,2284152.320000005,99.43,1536,82.49
OFF-ST-10000617,Woodgrain Magazine Files by Perma,69.14,2284221.460000005,99.43,1537,82.55
OFF-BI-10003166,GBC Plasticlear Binding Covers,68.88,2284290.340000005,99.44,1538,82.6
OFF-LA-10000248,Avery 52,68.63,2284358.970000005,99.44,1539,82.65
OFF-AR-10000203,Newell 336,68.48,2284427.450000005,99.44,1540,82.71
OFF-EN-10003798,"Recycled Interoffice Envelopes with Re-Use-A-Seal Closure, 10 x 13",68.28,2284495.7300000046,99.45,1541,82.76
OFF-PA-10002659,Avoid Verbal Orders Carbonless Minifold Book,68.28,2284564.0100000044,99.45,1542,82.81
OFF-BI-10000136,Avery Non-Stick Heavy Duty View Round Locking Ring Binders,68.17,2284632.1800000044,99.45,1543,82.87
OFF-EN-10001509,Poly String Tie Envelopes,68.14,2284700.3200000045,99.46,1544,82.92
OFF-AR-10000614,Barrel Sharpener,67.83,2284768.1500000046,99.46,1545,82.98
OFF-PA-10002230,Xerox 1897,67.73,2284835.8800000045,99.46,1546,83.03
OFF-BI-10000822,"Acco PRESSTEX Data Binder with Storage Hooks, Light Blue, 9 1/2"" X 11""",67.25,2284903.1300000045,99.46,1547,83.08
OFF-FA-10000936,Acco Hot Clips Clips to Go,67.12,2284970.2500000047,99.47,1548,83.14
OFF-AR-10003394,Newell 332,67.03,2285037.2800000045,99.47,1549,83.19
OFF-LA-10004559,Avery 49,66.82,2285104.1000000043,99.47,1550,83.24
OFF-BI-10004506,Wilson Jones data.warehouse D-Ring Binders with DublLock,66.66,2285170.7600000044,99.48,1551,83.3
OFF-BI-10000773,Insertable Tab Post Binder Dividers,66.57,2285237.3300000043,99.48,1552,83.35
FUR-FU-10001617,"Executive Impressions 8-1/2"" Career Panel/Partition Cubicle Clock",66.56,2285303.8900000043,99.48,1553,83.4
OFF-LA-10000443,Avery 501,66.42,2285370.3100000042,99.49,1554,83.46
OFF-BI-10002414,GBC ProClick Spines for 32-Hole Punch,66.41,2285436.7200000044,99.49,1555,83.51
OFF-LA-10003121,Avery 506,66.08,2285502.8000000045,99.49,1556,83.57
OFF-FA-10000992,"Acco Clips to Go Binder Clips, 24 Clips in Two Sizes",66.03,2285568.8300000043,99.49,1557,83.62
OFF-AR-10000127,Newell 321,65.6,2285634.4300000044,99.5,1558,83.67
OFF-AR-10003481,Newell 348,65.6,2285700.0300000045,99.5,1559,83.73
OFF-EN-10003160,Pastel Pink Envelopes,65.52,2285765.5500000045,99.5,1560,83.78
OFF-AR-10003183,Avery Fluorescent Highlighter Four-Color Set,65.46,2285831.0100000044,99.51,1561,83.83
TEC-PH-10000347,Cush Cases Heavy Duty Rugged Cover Case for Samsung Galaxy S5 - Purple,65.34,2285896.3500000043,99.51,1562,83.89
FUR-FU-10003829,Stackable Trays,65.3,2285961.650000004,99.51,1563,83.94
OFF-AR-10000940,Newell 343,65.27,2286026.920000004,99.51,1564,84.0
OFF-BI-10002976,ACCOHIDE Binder by Acco,65.25,2286092.170000004,99.52,1565,84.05
OFF-PA-10003657,Xerox 1927,65.06,2286157.230000004,99.52,1566,84.1
TEC-PH-10002365,Belkin Grip Candy Sheer Case / Cover for iPhone 5 and 5S,64.97,2286222.2000000044,99.52,1567,84.16
OFF-PA-10003036,"Black Print Carbonless 8 1/2"" x 8 1/4"" Rapid Memo Book",64.06,2286286.2600000044,99.52,1568,84.21
OFF-FA-10004248,Advantus T-Pin Paper Clips,64.04,2286350.3000000045,99.53,1569,84.26
FUR-FU-10002874,Ultra Commercial Grade Dual Valve Door Closer,63.82,2286414.1200000043,99.53,1570,84.32
OFF-BI-10001525,"Acco Pressboard Covers with Storage Hooks, 14 7/8"" x 11"", Executive Red",63.63,2286477.750000004,99.53,1571,84.37
TEC-PH-10000307,Shocksock Galaxy S4 Armband,63.51,2286541.260000004,99.54,1572,84.43
OFF-BI-10001132,"Acco PRESSTEX Data Binder with Storage Hooks, Dark Blue, 9 1/2"" X 11""",62.95,2286604.210000004,99.54,1573,84.48
OFF-EN-10003072,Peel & Seel Envelopes,62.86,2286667.070000004,99.54,1574,84.53
FUR-FU-10002191,G.E. Halogen Desk Lamp Bulbs,62.82,2286729.890000004,99.54,1575,84.59
OFF-LA-10003537,Avery 515,62.65,2286792.5400000038,99.55,1576,84.64
OFF-PA-10000673,"Post-it “Important Message” Note Pad, Neon Colors, 50 Sheets/Pad",62.61,2286855.1500000036,99.55,1577,84.69
OFF-AR-10003651,Newell 350,62.32,2286917.4700000035,99.55,1578,84.75
OFF-EN-10004007,Park Ridge Embossed Executive Business Envelopes,62.28,2286979.7500000033,99.56,1579,84.8
OFF-BI-10001787,Wilson Jones Four-Pocket Poly Binders,62.13,2287041.880000003,99.56,1580,84.85
OFF-AP-10000804,Hoover Portapower Portable Vacuum,61.82,2287103.700000003,99.56,1581,84.91
OFF-AR-10000246,Newell 318,61.72,2287165.420000003,99.56,1582,84.96
TEC-PH-10000912,Anker 24W Portable Micro USB Car Charger,61.54,2287226.960000003,99.57,1583,85.02
OFF-AR-10001547,Newell 311,61.44,2287288.400000003,99.57,1584,85.07
OFF-PA-10000809,Xerox 206,60.91,2287349.3100000033,99.57,1585,85.12
OFF-AR-10001166,Staples in misc. colors,60.64,2287409.9500000034,99.57,1586,85.18
OFF-PA-10000682,Xerox 1924,60.11,2287470.0600000033,99.58,1587,85.23
OFF-PA-10004519,Spiral Phone Message Books with Labels by Adams,60.03,2287530.090000003,99.58,1588,85.28
TEC-AC-10000926,NETGEAR RangeMax WNR1000 Wireless Router,59.98,2287590.070000003,99.58,1589,85.34
OFF-BI-10001759,"Acco Pressboard Covers with Storage Hooks, 14 7/8"" x 11"", Dark Blue",59.82,2287649.890000003,99.58,1590,85.39
OFF-AR-10001427,Newell 330,59.8,2287709.6900000027,99.59,1591,85.45
FUR-FU-10002111,"Master Caster Door Stop, Large Brown",59.7,2287769.390000003,99.59,1592,85.5
OFF-AR-10003759,"Crayola Anti Dust Chalk, 12/Pack",59.7,2287829.090000003,99.59,1593,85.55
OFF-AR-10004587,"Boston 1827 Commercial Additional Cutter, Drive Gear & Gear Rack for 1606",59.49,2287888.5800000033,99.59,1594,85.61
FUR-FU-10001379,"Executive Impressions 16-1/2"" Circular Wall Clock",58.78,2287947.360000003,99.6,1595,85.66
OFF-FA-10002988,Ideal Clamps,58.69,2288006.050000003,99.6,1596,85.71
OFF-EN-10004030,Convenience Packs of Business Envelopes,58.64,2288064.690000003,99.6,1597,85.77
OFF-LA-10003077,Avery 500,58.48,2288123.170000003,99.6,1598,85.82
OFF-FA-10004968,Rubber Band Ball,58.34,2288181.510000003,99.61,1599,85.88
OFF-PA-10002105,Xerox 223,58.32,2288239.830000003,99.61,1600,85.93
OFF-PA-10001947,Xerox 1974,57.41,2288297.240000003,99.61,1601,85.98
OFF-BI-10002393,Binder Posts,57.4,2288354.640000003,99.61,1602,86.04
OFF-PA-10000130,Xerox 199,57.35,2288411.990000003,99.62,1603,86.09
OFF-LA-10000134,Avery 511,56.67,2288468.660000003,99.62,1604,86.14
OFF-LA-10000262,Avery 494,56.38,2288525.040000003,99.62,1605,86.2
OFF-PA-10003971,Xerox 1965,56.21,2288581.250000003,99.62,1606,86.25
OFF-AR-10002766,Prang Drawing Pencil Set,56.16,2288637.410000003,99.63,1607,86.31
TEC-PH-10004924,"SKILCRAFT Telephone Shoulder Rest, 2"" x 6.5"" x 2.5"", Black",56.16,2288693.570000003,99.63,1608,86.36
FUR-FU-10002685,"Executive Impressions 13-1/2"" Indoor/Outdoor Wall Clock",56.1,2288749.670000003,99.63,1609,86.41
OFF-AP-10004052,"Hoover Replacement Belts For Soft Guard & Commercial Ltweight Upright Vacs, 2/Pk",56.09,2288805.760000003,99.63,1610,86.47
OFF-LA-10004345,Avery 493,55.97,2288861.7300000032,99.64,1611,86.52
OFF-PA-10004965,Xerox 1921,55.94,2288917.670000003,99.64,1612,86.57
OFF-BI-10004094,GBC Standard Plastic Binding Systems Combs,55.76,2288973.430000003,99.64,1613,86.63
OFF-FA-10000304,Advantus Push Pins,54.94,2289028.370000003,99.64,1614,86.68
OFF-PA-10000551,Array Memo Cubes,54.91,2289083.280000003,99.65,1615,86.73
OFF-EN-10001415,Staple envelope,54.68,2289137.960000003,99.65,1616,86.79
OFF-PA-10001307,"Important Message Pads, 50 4-1/4 x 5-1/2 Forms per Pad",54.6,2289192.5600000033,99.65,1617,86.84
TEC-AC-10002558,Imation Swivel Flash Drive USB flash drive - 8 GB,54.58,2289247.1400000034,99.65,1618,86.9
OFF-BI-10000216,"Mead 1st Gear 2"" Zipper Binder, Asst. Colors",54.47,2289301.6100000036,99.66,1619,86.95
OFF-PA-10000556,Xerox 208,54.43,2289356.0400000038,99.66,1620,87.0
OFF-AR-10002280,Staples in misc. colors,54.35,2289410.390000004,99.66,1621,87.06
OFF-FA-10000735,Staples,54.31,2289464.700000004,99.66,1622,87.11
OFF-EN-10002973,Ampad #10 Peel & Seel Holiday Envelopes,53.76,2289518.4600000037,99.67,1623,87.16
OFF-LA-10004425,Staple-on labels,53.75,2289572.2100000037,99.67,1624,87.22
OFF-LA-10004409,Avery 492,53.57,2289625.7800000035,99.67,1625,87.27
FUR-FU-10001025,"Eldon Imàge Series Desk Accessories, Clear",53.46,2289679.2400000035,99.67,1626,87.33
OFF-ST-10003221,Staple magnet,53.4,2289732.6400000034,99.67,1627,87.38
OFF-BI-10004099,GBC VeloBinder Strips,52.99,2289785.6300000036,99.68,1628,87.43
OFF-PA-10003063,EcoTones Memo Sheets,52.8,2289838.4300000034,99.68,1629,87.49
FUR-TA-10003837,Anderson Hickey Conga Table Tops & Accessories,51.78,2289890.210000003,99.68,1630,87.54
OFF-AR-10004817,Colorific Watercolor Pencils,51.6,2289941.8100000033,99.68,1631,87.59
OFF-BI-10002012,Wilson Jones Easy Flow II Sheet Lifters,51.48,2289993.2900000033,99.69,1632,87.65
OFF-BI-10004465,Avery Durable Slant Ring Binders,51.48,2290044.7700000033,99.69,1633,87.7
OFF-PA-10000350,"Message Book, Standard Line ""While You Were Out"", 5 1/2"" X 4"", 200 Sets/Book",51.36,2290096.130000003,99.69,1634,87.76
OFF-BI-10002954,Newell 3-Hole Punched Plastic Slotted Magazine Holders for Binders,51.18,2290147.3100000033,99.69,1635,87.81
OFF-PA-10000007,"Telephone Message Books with Fax/Mobile Section, 4 1/4"" x 6""",51.12,2290198.4300000034,99.7,1636,87.86
OFF-LA-10000452,Avery 488,51.03,2290249.460000003,99.7,1637,87.92
OFF-EN-10003845,Colored Envelopes,50.92,2290300.380000003,99.7,1638,87.97
OFF-AR-10002257,"Eldon Spacemaker Box, Quick-Snap Lid, Clear",50.77,2290351.150000003,99.7,1639,88.02
OFF-FA-10002815,Staples,50.62,2290401.7700000033,99.7,1640,88.08
OFF-AP-10001626,"Commercial WindTunnel Clean Air Upright Vacuum, Replacement Belts, Filtration Bags",50.57,2290452.340000003,99.71,1641,88.13
OFF-FA-10001843,Staples,50.39,2290502.7300000032,99.71,1642,88.18
OFF-LA-10000081,Avery 496,50.25,2290552.9800000032,99.71,1643,88.24
OFF-EN-10004147,Wausau Papers Astrobrights Colored Envelopes,50.23,2290603.210000003,99.71,1644,88.29
OFF-PA-10004000,"While You Were Out Pads, 50 per Pad, 4 x 5 1/4, Green Cycle",50.14,2290653.3500000034,99.71,1645,88.35
OFF-PA-10001583,"1/4 Fold Party Design Invitations & White Envelopes, 24 8-1/2"" X 11"" Cards, 25 Env./Pack",49.98,2290703.3300000033,99.72,1646,88.4
OFF-PA-10001763,Xerox 1896,49.95,2290753.2800000035,99.72,1647,88.45
OFF-PA-10000605,Xerox 1950,49.71,2290802.9900000035,99.72,1648,88.51
OFF-PA-10000697,"TOPS Voice Message Log Book, Flash Format",49.5,2290852.4900000035,99.72,1649,88.56
OFF-PA-10003953,Xerox 218,49.25,2290901.7400000035,99.73,1650,88.61
OFF-AR-10004752,Blackstonian Pencils,49.13,2290950.8700000034,99.73,1651,88.67
OFF-AR-10001573,American Pencil,48.93,2290999.8000000035,99.73,1652,88.72
FUR-FU-10001847,Eldon Image Series Black Desk Accessories,48.85,2291048.6500000036,99.73,1653,88.78
OFF-PA-10004947,Easy-staple paper,48.79,2291097.4400000037,99.73,1654,88.83
OFF-LA-10002271,Smead Alpha-Z Color-Coded Second Alphabetical Labels and Starter Set,48.05,2291145.4900000035,99.74,1655,88.88
OFF-FA-10000053,Revere Boxed Rubber Bands by Revere,48.01,2291193.5000000033,99.74,1656,88.94
OFF-AR-10004956,Newell 33,47.99,2291241.4900000035,99.74,1657,88.99
OFF-AR-10004790,Staples in misc. colors,47.88,2291289.3700000034,99.74,1658,89.04
OFF-LA-10001175,Avery 514,47.81,2291337.1800000034,99.74,1659,89.1
FUR-FU-10002963,"Master Caster Door Stop, Gray",47.75,2291384.9300000034,99.75,1660,89.15
OFF-AP-10004655,"Holmes Visible Mist Ultrasonic Humidifier with 2.3-Gallon Output per Day, Replacement Filter",47.54,2291432.4700000035,99.75,1661,89.21
OFF-AR-10003190,Newell 32,47.23,2291479.7000000034,99.75,1662,89.26
OFF-AR-10004511,"Sanford Colorific Scented Colored Pencils, 12/Pack",47.08,2291526.7800000035,99.75,1663,89.31
OFF-PA-10004239,Xerox 1953,47.08,2291573.8600000036,99.76,1664,89.37
OFF-AR-10003217,Newell 316,46.94,2291620.8000000035,99.76,1665,89.42
OFF-PA-10003729,Xerox 1998,46.66,2291667.4600000037,99.76,1666,89.47
OFF-LA-10001317,Avery 520,46.62,2291714.080000004,99.76,1667,89.53
FUR-FU-10004415,"Stacking Tray, Side-Loading, Legal, Smoke",46.59,2291760.6700000037,99.76,1668,89.58
OFF-PA-10001204,Xerox 1972,46.46,2291807.1300000036,99.77,1669,89.63
OFF-FA-10002983,Advantus SlideClip Paper Clips,46.38,2291853.5100000035,99.77,1670,89.69
OFF-ST-10001414,Decoflex Hanging Personal Folder File,46.26,2291899.7700000033,99.77,1671,89.74
OFF-AR-10001940,"Sanford Colorific Eraseable Coloring Pencils, 12 Count",45.92,2291945.690000003,99.77,1672,89.8
OFF-AR-10003856,Newell 344,45.59,2291991.280000003,99.77,1673,89.85
OFF-BI-10002897,"Black Avery Memo-Size 3-Ring Binder, 5 1/2"" x 8 1/2""",45.51,2292036.790000003,99.78,1674,89.9
OFF-LA-10004178,Avery 491,45.43,2292082.220000003,99.78,1675,89.96
FUR-FU-10000206,"GE General Purpose, Extra Long Life, Showcase & Floodlight Incandescent Bulbs",45.4,2292127.620000003,99.78,1676,90.01
OFF-PA-10001246,Xerox 215,45.36,2292172.980000003,99.78,1677,90.06
OFF-AR-10000657,"Binney & Smith inkTank Desk Highlighter, Chisel Tip, Yellow, 12/Box",45.15,2292218.1300000027,99.78,1678,90.12
OFF-SU-10004290,"Acme Design Line 8"" Stainless Steel Bent Scissors w/Champagne Handles, 3-1/8"" Cut",45.14,2292263.270000003,99.79,1679,90.17
FUR-FU-10002508,Document Clip Frames,45.04,2292308.310000003,99.79,1680,90.23
OFF-AR-10002335,DIXON Oriole Pencils,44.89,2292353.200000003,99.79,1681,90.28
OFF-LA-10001045,Permanent Self-Adhesive File Folder Labels for Typewriters by Universal,44.37,2292397.570000003,99.79,1682,90.33
OFF-LA-10001404,Avery 517,44.28,2292441.850000003,99.79,1683,90.39
OFF-SU-10002522,Acme Kleen Earth Office Shears,44.23,2292486.080000003,99.79,1684,90.44
TEC-AC-10000199,Kingston Digital DataTraveler 8GB USB 2.0,44.03,2292530.1100000027,99.8,1685,90.49
OFF-AR-10003251,Prang Drawing Pencil Set,43.92,2292574.0300000026,99.8,1686,90.55
OFF-BI-10003196,Accohide Poly Flexible Ring Binders,43.76,2292617.7900000024,99.8,1687,90.6
OFF-AR-10003772,Boston 16750 Black Compact Battery Pencil Sharpener,43.75,2292661.5400000024,99.8,1688,90.66
OFF-AP-10000595,Disposable Triple-Filter Dust Bags,43.7,2292705.2400000026,99.8,1689,90.71
OFF-SU-10002189,Acme Rosewood Handle Letter Opener,43.67,2292748.9100000025,99.81,1690,90.76
OFF-AR-10003469,Nontoxic Chalk,42.94,2292791.8500000024,99.81,1691,90.82
OFF-AR-10001177,Newell 349,42.64,2292834.4900000026,99.81,1692,90.87
TEC-AC-10001445,Imation USB 2.0 Swivel Flash Drive USB flash drive - 4 GB - Pink,42.42,2292876.9100000025,99.81,1693,90.92
OFF-BI-10004187,3-ring staple pack,42.11,2292919.0200000023,99.81,1694,90.98
OFF-BI-10002160,Acco Hanging Data Binders,41.91,2292960.9300000025,99.82,1695,91.03
TEC-MA-10000752,Texas Instrument TI-15 Fraction Calculator,41.91,2293002.8400000026,99.82,1696,91.08
OFF-SU-10000432,Acco Side-Punched Conventional Columnar Pads,41.64,2293044.480000003,99.82,1697,91.14
OFF-BI-10001982,Wilson Jones Custom Binder Spines & Labels,41.34,2293085.8200000026,99.82,1698,91.19
OFF-EN-10001137,"#10 Gummed Flap White Envelopes, 100/Box",41.3,2293127.1200000024,99.82,1699,91.25
OFF-FA-10001332,"Acco Banker's Clasps, 5 3/4""-Long",40.9,2293168.0200000023,99.82,1700,91.3
OFF-PA-10004470,"Adams Write n' Stick Phone Message Book, 11"" X 5 1/4"", 200 Messages",40.9,2293208.9200000023,99.83,1701,91.35
OFF-BI-10004528,Cardinal Poly Pocket Divider Pockets for Ring Binders,40.32,2293249.240000002,99.83,1702,91.41
OFF-PA-10001826,Xerox 207,40.18,2293289.4200000023,99.83,1703,91.46
OFF-AR-10003811,Newell 327,39.78,2293329.200000002,99.83,1704,91.51
FUR-FU-10003026,"Eldon Regeneration Recycled Desk Accessories, Black",39.69,2293368.890000002,99.83,1705,91.57
OFF-BI-10000848,Angle-D Ring Binders,39.38,2293408.270000002,99.83,1706,91.62
OFF-AR-10001868,Prang Dustless Chalk Sticks,38.98,2293447.250000002,99.84,1707,91.68
OFF-BI-10003350,Acco Expandable Hanging Binders,38.92,2293486.170000002,99.84,1708,91.73
OFF-AR-10001315,Newell 310,38.72,2293524.890000002,99.84,1709,91.78
OFF-BI-10004022,Acco Suede Grain Vinyl Round Ring Binder,38.64,2293563.530000002,99.84,1710,91.84
OFF-BI-10002194,Cardinal Hold-It CD Pocket,38.3,2293601.830000002,99.84,1711,91.89
OFF-AP-10000124,Acco 6 Outlet Guardian Basic Surge Suppressor,38.27,2293640.100000002,99.84,1712,91.94
OFF-PA-10001622,"Ampad Poly Cover Wirebound Steno Book, 6"" x 9"" Assorted Colors, Gregg Ruled",38.14,2293678.240000002,99.85,1713,92.0
OFF-BI-10004656,Peel & Stick Add-On Corner Pockets,38.02,2293716.260000002,99.85,1714,92.05
OFF-PA-10000955,Southworth 25% Cotton Granite Paper & Envelopes,37.93,2293754.1900000023,99.85,1715,92.11
OFF-AR-10000799,Col-Erase Pencils with Erasers,37.7,2293791.8900000025,99.85,1716,92.16
OFF-AR-10002467,Dixon Ticonderoga Pencils,37.55,2293829.4400000023,99.85,1717,92.21
OFF-AR-10004930,Turquoise Lead Holder with Pocket Clip,37.52,2293866.9600000023,99.85,1718,92.27
FUR-FU-10002107,Eldon Pizzaz Desk Accessories,37.46,2293904.4200000023,99.86,1719,92.32
OFF-BI-10003655,Durable Pressboard Binders,37.24,2293941.6600000025,99.86,1720,92.37
OFF-AR-10002804,Faber Castell Col-Erase Pencils,37.16,2293978.8200000026,99.86,1721,92.43
OFF-PA-10004248,Xerox 1990,36.96,2294015.7800000026,99.86,1722,92.48
OFF-BI-10003529,Avery Round Ring Poly Binders,36.92,2294052.7000000025,99.86,1723,92.53
OFF-ST-10001627,Eldon Jumbo ProFile Portable File Boxes Graphite/Black,36.74,2294089.4400000027,99.86,1724,92.59
OFF-EN-10004846,Letter or Legal Size Expandable Poly String Tie Envelopes,36.71,2294126.1500000027,99.87,1725,92.64
OFF-AR-10001545,Newell 326,36.61,2294162.7600000026,99.87,1726,92.7
FUR-FU-10002505,Eldon 100 Class Desk Accessories,36.4,2294199.1600000025,99.87,1727,92.75
OFF-PA-10001837,Xerox 1976,36.29,2294235.4500000025,99.87,1728,92.8
FUR-FU-10003489,Contemporary Borderless Frame,36.16,2294271.6100000027,99.87,1729,92.86
OFF-FA-10000611,Binder Clips by OIC,36.11,2294307.7200000025,99.87,1730,92.91
OFF-PA-10003205,"Wirebound Message Forms, Four 2 3/4 x 5 Forms per Page, Pink Paper",35.95,2294343.6700000027,99.88,1731,92.96
FUR-FU-10003274,Regeneration Desk Collection,35.9,2294379.5700000026,99.88,1732,93.02
OFF-BI-10004352,Wilson Jones DublLock D-Ring Binders,35.77,2294415.3400000026,99.88,1733,93.07
OFF-ST-10004835,Plastic Stacking Crates & Casters,35.71,2294451.0500000026,99.88,1734,93.13
OFF-SU-10004768,Acme Kleencut Forged Steel Scissors,35.59,2294486.6400000025,99.88,1735,93.18
OFF-LA-10003663,Avery 498,35.26,2294521.9000000022,99.88,1736,93.23
OFF-PA-10002960,Xerox 1926,34.86,2294556.760000002,99.88,1737,93.29
OFF-FA-10003021,Staples,34.59,2294591.350000002,99.89,1738,93.34
OFF-AR-10001770,Economy #2 Pencils,34.58,2294625.930000002,99.89,1739,93.39
OFF-AR-10002578,Newell 335,34.56,2294660.490000002,99.89,1740,93.45
OFF-FA-10003059,Assorted Color Push Pins,34.39,2294694.880000002,99.89,1741,93.5
OFF-PA-10002741,Xerox 1980,34.24,2294729.1200000024,99.89,1742,93.56
FUR-FU-10001852,"Eldon Regeneration Recycled Desk Accessories, Smoke",33.76,2294762.880000002,99.89,1743,93.61
OFF-FA-10004838,"Super Bands, 12/Pack",33.48,2294796.360000002,99.9,1744,93.66
OFF-BI-10000042,"Pressboard Data Binder, Crimson, 12"" X 8 1/2""",33.11,2294829.470000002,99.9,1745,93.72
OFF-PA-10001752,Hammermill CopyPlus Copy Paper (20Lb. and 84 Bright),32.87,2294862.340000002,99.9,1746,93.77
OFF-BI-10004716,Wilson Jones Hanging Recycled Pressboard Data Binders,32.65,2294894.990000002,99.9,1747,93.82
OFF-PA-10002552,Xerox 1958,32.4,2294927.390000002,99.9,1748,93.88
OFF-LA-10000634,Avery 509,32.36,2294959.750000002,99.9,1749,93.93
OFF-BI-10002609,Avery Hidden Tab Dividers for Binding Systems,31.59,2294991.3400000017,99.9,1750,93.98
OFF-AR-10002255,Newell 346,31.1,2295022.440000002,99.91,1751,94.04
OFF-AR-10001919,"OIC #2 Pencils, Medium Soft",30.83,2295053.270000002,99.91,1752,94.09
OFF-AR-10001026,"Sanford Uni-Blazer View Highlighters, Chisel Tip, Yellow",30.8,2295084.0700000017,99.91,1753,94.15
OFF-AR-10002833,Newell 322,30.58,2295114.650000002,99.91,1754,94.2
OFF-PA-10004022,Hammermill Color Copier Paper (28Lb. and 96 Bright),29.97,2295144.620000002,99.91,1755,94.25
FUR-FU-10003981,Eldon Wave Desk Accessories,29.95,2295174.570000002,99.91,1756,94.31
OFF-BI-10004182,Economy Binders,29.95,2295204.5200000023,99.91,1757,94.36
OFF-BI-10004967,Round Ring Binders,29.95,2295234.4700000025,99.91,1758,94.41
TEC-MA-10004086,Plantronics Single Ear Headset,29.93,2295264.4000000027,99.92,1759,94.47
OFF-PA-10001243,Xerox 1983,29.9,2295294.3000000026,99.92,1760,94.52
OFF-PA-10004948,Xerox 190,29.88,2295324.1800000025,99.92,1761,94.58
OFF-FA-10001229,Staples,29.87,2295354.0500000026,99.92,1762,94.63
OFF-EN-10001749,Jiffy Padded Mailers with Self-Seal Closure,29.81,2295383.8600000027,99.92,1763,94.68
FUR-FU-10004164,"Eldon 300 Class Desk Accessories, Black",29.7,2295413.560000003,99.92,1764,94.74
OFF-FA-10003467,"Alliance Big Bands Rubber Bands, 12/Pack",29.7,2295443.260000003,99.92,1765,94.79
OFF-SU-10001935,Staple remover,29.65,2295472.910000003,99.92,1766,94.84
OFF-AR-10001231,"Sanford EarthWrite Recycled Pencils, Medium Soft, #2",29.4,2295502.310000003,99.93,1767,94.9
OFF-AR-10000422,Pencil and Crayon Sharpener,29.35,2295531.660000003,99.93,1768,94.95
OFF-PA-10004405,Rediform Voice Mail Log Books,29.2,2295560.860000003,99.93,1769,95.01
OFF-BI-10002049,UniKeep View Case Binders,28.85,2295589.710000003,99.93,1770,95.06
OFF-BI-10002813,Avery Reinforcements for Hole-Punch Pages,28.51,2295618.220000003,99.93,1771,95.11
OFF-AR-10001473,Newell 313,28.21,2295646.430000003,99.93,1772,95.17
OFF-PA-10000141,"Ampad Evidence Wirebond Steno Books, 6"" x 9""",27.47,2295673.900000003,99.93,1773,95.22
TEC-AC-10002380,Sony 8GB Class 10 Micro SDHC R40 Memory Card,27.19,2295701.090000003,99.93,1774,95.27
TEC-AC-10004127,SanDisk Cruzer 8 GB USB Flash Drive,27.17,2295728.260000003,99.94,1775,95.33
OFF-FA-10003485,Staples,26.72,2295754.9800000032,99.94,1776,95.38
OFF-AR-10001216,Newell 339,26.69,2295781.670000003,99.94,1777,95.44
OFF-LA-10004677,Self-Adhesive Address Labels for Typewriters with Dispenser Box,26.57,2295808.240000003,99.94,1778,95.49
OFF-AR-10003876,"Avery Hi-Liter GlideStik Fluorescent Highlighter, Yellow Ink",26.08,2295834.320000003,99.94,1779,95.54
OFF-BI-10000591,Avery Binder Labels,26.06,2295860.380000003,99.94,1780,95.6
OFF-AR-10004165,"Binney & Smith inkTank Erasable Pocket Highlighter, Chisel Tip, Yellow",25.99,2295886.3700000034,99.94,1781,95.65
TEC-AC-10000487,SanDisk Cruzer 4 GB USB Flash Drive,25.96,2295912.3300000033,99.94,1782,95.7
OFF-AR-10003770,Newell 340,25.92,2295938.2500000033,99.95,1783,95.76
OFF-PA-10003543,Xerox 1985,25.92,2295964.170000003,99.95,1784,95.81
OFF-BI-10000201,"Avery Triangle Shaped Sheet Lifters, Black, 2/Pack",25.83,2295990.0000000033,99.95,1785,95.86
OFF-FA-10003472,Bagged Rubber Bands,25.7,2296015.7000000034,99.95,1786,95.92
OFF-PA-10003424,"""While you Were Out"" Message Book, One Form per Page",25.23,2296040.9300000034,99.95,1787,95.97
OFF-FA-10002676,Colored Push Pins,24.98,2296065.9100000034,99.95,1788,96.03
OFF-AR-10003087,Staples in misc. colors,24.92,2296090.8300000033,99.95,1789,96.08
OFF-FA-10004076,Translucent Push Pins by OIC,24.55,2296115.380000003,99.95,1790,96.13
OFF-AR-10000896,Newell 329,24.27,2296139.650000003,99.95,1791,96.19
OFF-AR-10004582,BIC Brite Liner Grip Highlighters,24.27,2296163.920000003,99.95,1792,96.24
OFF-LA-10004008,Avery 507,24.19,2296188.110000003,99.96,1793,96.29
OFF-LA-10002381,Avery 497,24.02,2296212.130000003,99.96,1794,96.35
OFF-SU-10002301,Serrated Blade or Curved Handle Hand Letter Openers,23.86,2296235.990000003,99.96,1795,96.4
OFF-AR-10001227,Newell 338,23.52,2296259.510000003,99.96,1796,96.46
OFF-AR-10000315,"Dixon Ticonderoga Maple Cedar Pencil, #2",23.33,2296282.840000003,99.96,1797,96.51
OFF-BI-10003094,Self-Adhesive Ring Binder Labels,22.88,2296305.720000003,99.96,1798,96.56
OFF-AR-10000462,Sanford Pocket Accent Highlighters,22.4,2296328.120000003,99.96,1799,96.62
OFF-LA-10003714,Avery 510,21.75,2296349.870000003,99.96,1800,96.67
OFF-AR-10001972,Newell 323,21.17,2296371.040000003,99.96,1801,96.72
OFF-LA-10000476,"Avery 05222 Permanent Self-Adhesive File Folder Labels for Typewriters, on Rolls, White, 250/Roll",20.65,2296391.6900000027,99.96,1802,96.78
OFF-AR-10003723,Avery Hi-Liter Fluorescent Desk Style Markers,20.28,2296411.9700000025,99.97,1803,96.83
OFF-PA-10001450,Rediform S.O.S. Phone Message Books,19.92,2296431.8900000025,99.97,1804,96.89
OFF-FA-10000254,Sterling Rubber Bands by Alliance,19.78,2296451.6700000023,99.97,1805,96.94
FUR-FU-10002240,Nu-Dell EZ-Mount Plastic Wall Frames,19.7,2296471.3700000024,99.97,1806,96.99
OFF-FA-10000089,Acco Glide Clips,19.6,2296490.9700000025,99.97,1807,97.05
OFF-AR-10000823,Newell 307,19.29,2296510.2600000026,99.97,1808,97.1
TEC-AC-10003709,Maxell 4.7GB DVD-R 5/Pack,19.01,2296529.2700000023,99.97,1809,97.15
OFF-PA-10000859,Unpadded Memo Slips,18.31,2296547.5800000024,99.97,1810,97.21
OFF-PA-10001274,Loose Memo Sheets,18.25,2296565.8300000024,99.97,1811,97.26
OFF-AR-10002221,12 Colored Short Pencils,18.2,2296584.0300000026,99.97,1812,97.31
OFF-AP-10001634,Hoover Commercial Lightweight Upright Vacuum,18.1,2296602.1300000027,99.97,1813,97.37
OFF-AR-10003896,"Stride Job 150 Highlighters, Chisel Tip, Assorted Colors",17.94,2296620.0700000026,99.97,1814,97.42
OFF-AR-10004027,"Binney & Smith inkTank Erasable Desk Highlighter, Chisel Tip, Yellow, 12/Box",17.64,2296637.7100000028,99.98,1815,97.48
OFF-LA-10000973,Avery 502,17.64,2296655.350000003,99.98,1816,97.53
OFF-BI-10004141,Insertable Tab Indexes For Data Binders,17.49,2296672.840000003,99.98,1817,97.58
OFF-PA-10000308,Xerox 1901,16.9,2296689.740000003,99.98,1818,97.64
OFF-LA-10002368,Avery 479,16.7,2296706.440000003,99.98,1819,97.69
OFF-BI-10004876,Wilson Jones Suede Grain Vinyl Binders,16.4,2296722.840000003,99.98,1820,97.74
OFF-AR-10001118,"Binney & Smith Crayola Metallic Crayons, 16-Color Pack",16.18,2296739.0200000033,99.98,1821,97.8
TEC-AC-10002370,Maxell CD-R Discs,15.76,2296754.780000003,99.98,1822,97.85
OFF-FA-10000490,"OIC Binder Clips, Mini, 1/4"" Capacity, Black",15.62,2296770.400000003,99.98,1823,97.91
OFF-PA-10002333,"Universal Ultra Bright White Copier/Laser Paper, 8 1/2"" x 11"", Ream",15.55,2296785.950000003,99.98,1824,97.96
OFF-AR-10001130,"Quartet Alpha White Chalk, 12/Pack",15.47,2296801.420000003,99.98,1825,98.01
OFF-PA-10002109,Wirebound Voice Message Log Book,15.23,2296816.650000003,99.98,1826,98.07
OFF-AR-10002704,Boston 1900 Electric Pencil Sharpener,14.98,2296831.630000003,99.98,1827,98.12
OFF-LA-10004055,Color-Coded Legal Exhibit Labels,14.73,2296846.360000003,99.98,1828,98.17
OFF-AR-10001022,SANFORD Liquid Accent Tank-Style Highlighters,14.2,2296860.5600000033,99.99,1829,98.23
OFF-SU-10003936,Acme Serrated Blade Letter Opener,13.99,2296874.5500000035,99.99,1830,98.28
TEC-PH-10003655,Sannysis Cute Owl Design Soft Skin Case Cover for Samsung Galaxy S4,13.86,2296888.4100000034,99.99,1831,98.34
OFF-AR-10000369,Design Ebony Sketching Pencil,13.62,2296902.0300000035,99.99,1832,98.39
TEC-AC-10003133,Memorex Mini Travel Drive 4 GB USB 2.0 Flash Drive,13.62,2296915.6500000036,99.99,1833,98.44
OFF-FA-10002701,Alliance Rubber Bands,13.44,2296929.0900000036,99.99,1834,98.5
OFF-FA-10001135,"Brites Rubber Bands, 1 1/2 oz. Box",13.07,2296942.1600000034,99.99,1835,98.55
OFF-AP-10003914,"Sanitaire Vibra Groomer IR Commercial Upright Vacuum, Replacement Belts",13.0,2296955.1600000034,99.99,1836,98.6
OFF-FA-10000840,OIC Thumb-Tacks,13.0,2296968.1600000034,99.99,1837,98.66
OFF-PA-10002001,Xerox 1984,12.96,2296981.1200000034,99.99,1838,98.71
OFF-PA-10001661,Xerox 1922,11.95,2296993.0700000036,99.99,1839,98.76
TEC-AC-10003433,Maxell 4.7GB DVD+R 5/Pack,11.68,2297004.7500000037,99.99,1840,98.82
OFF-LA-10004272,Avery 482,11.56,2297016.310000004,99.99,1841,98.87
OFF-PA-10003739,Xerox 1969,11.56,2297027.870000004,99.99,1842,98.93
OFF-BI-10000494,Acco Economy Flexible Poly Round Ring Binder,11.48,2297039.350000004,99.99,1843,98.98
OFF-BI-10003784,Computer Printout Index Tabs,11.09,2297050.4400000037,99.99,1844,99.03
OFF-BI-10000831,Storex Flexible Poly Binders with Double Pockets,10.82,2297061.2600000035,99.99,1845,99.09
OFF-AR-10003958,Newell 337,10.5,2297071.7600000035,99.99,1846,99.14
OFF-SU-10003002,Letter Slitter,10.08,2297081.8400000036,99.99,1847,99.19
OFF-AR-10004707,Staples in misc. colors,9.92,2297091.7600000035,100.0,1848,99.25
OFF-AR-10004974,Newell 342,9.84,2297101.6000000034,100.0,1849,99.3
OFF-AP-10002906,Hoover Replacement Belt for Commercial Guardsman Heavy-Duty Upright Vacuum,9.77,2297111.3700000034,100.0,1850,99.36
TEC-PH-10004875,PNY Rapid USB Car Charger - Black,9.59,2297120.960000003,100.0,1851,99.41
OFF-SU-10001212,Kleencut Forged Office Shears by Acme United Corporation,9.57,2297130.530000003,100.0,1852,99.46
OFF-LA-10002473,Avery 484,9.22,2297139.7500000033,100.0,1853,99.52
OFF-AR-10004272,Newell 308,8.4,2297148.150000003,100.0,1854,99.57
OFF-FA-10001754,Stockwell Gold Paper Clips,8.1,2297156.2500000033,100.0,1855,99.62
OFF-AR-10003477,4009 Highlighters,8.04,2297164.2900000033,100.0,1856,99.68
OFF-PA-10003919,Xerox 1989,7.97,2297172.2600000035,100.0,1857,99.73
OFF-AR-10003986,Avery Hi-Liter Pen Style Six-Color Fluorescent Set,7.7,2297179.9600000037,100.0,1858,99.79
OFF-EN-10001535,Grip Seal Envelopes,7.07,2297187.0300000035,100.0,1859,99.84
OFF-PA-10000048,Xerox 20,6.48,2297193.5100000035,100.0,1860,99.89
OFF-LA-10003388,Avery 5,5.76,2297199.2700000033,100.0,1861,99.95
OFF-AP-10002203,Eureka Disposable Bags for Sanitaire Vibra Groomer I Upright Vac,1.62,2297200.8900000034,100.0,1862,100.0
